timestamp,hr_bpm
2026-03-04 07:00:00,62.0
2026-03-04 07:00:10,60.5
2026-03-04 07:00:20,60.1
2026-03-04 07:00:30,59.4
2026-03-04 07:00:40,59.6
2026-03-04 07:00:50,58.5
2026-03-04 07:01:00,60.5
2026-03-04 07:01:10,59.7
2026-03-04 07:01:20,59.5
2026-03-04 07:01:30,58.2
2026-03-04 07:01:40,56.5
2026-03-04 07:01:50,57.2
2026-03-04 07:02:00,57.3
2026-03-04 07:02:10,58.0
2026-03-04 07:02:20,58.7
2026-03-04 07:02:30,59.6
2026-03-04 07:02:40,60.4
2026-03-04 07:02:50,62.8
2026-03-04 07:03:00,61.4
2026-03-04 07:03:10,62.8
2026-03-04 07:03:20,64.5
2026-03-04 07:03:30,65.9
2026-03-04 07:03:40,64.6
2026-03-04 07:03:50,67.0
2026-03-04 07:04:00,67.3
2026-03-04 07:04:10,67.7
2026-03-04 07:04:20,67.5
2026-03-04 07:04:30,68.7
2026-03-04 07:04:40,68.8
2026-03-04 07:04:50,66.9
2026-03-04 07:05:00,65.5
2026-03-04 07:05:10,65.1
2026-03-04 07:05:20,63.2
2026-03-04 07:05:30,63.1
2026-03-04 07:05:40,61.2
2026-03-04 07:05:50,62.5
2026-03-04 07:06:00,63.1
2026-03-04 07:06:10,62.3
2026-03-04 07:06:20,62.9
2026-03-04 07:06:30,62.5
2026-03-04 07:06:40,62.8
2026-03-04 07:06:50,64.2
2026-03-04 07:07:00,64.7
2026-03-04 07:07:10,63.9
2026-03-04 07:07:20,63.3
2026-03-04 07:07:30,63.5
2026-03-04 07:07:40,65.7
2026-03-04 07:07:50,64.9
2026-03-04 07:08:00,68.2
2026-03-04 07:08:10,68.5
2026-03-04 07:08:20,69.1
2026-03-04 07:08:30,68.7
2026-03-04 07:08:40,69.4
2026-03-04 07:08:50,69.9
2026-03-04 07:09:00,66.9
2026-03-04 07:09:10,66.2
2026-03-04 07:09:20,68.1
2026-03-04 07:09:30,68.1
2026-03-04 07:09:40,67.8
2026-03-04 07:09:50,68.6
2026-03-04 07:10:00,65.6
2026-03-04 07:10:10,68.4
2026-03-04 07:10:20,66.5
2026-03-04 07:10:30,64.1
2026-03-04 07:10:40,64.0
2026-03-04 07:10:50,63.8
2026-03-04 07:11:00,63.1
2026-03-04 07:11:10,62.9
2026-03-04 07:11:20,62.6
2026-03-04 07:11:30,62.1
2026-03-04 07:11:40,62.4
2026-03-04 07:11:50,60.5
2026-03-04 07:12:00,61.6
2026-03-04 07:12:10,62.7
2026-03-04 07:12:20,63.7
2026-03-04 07:12:30,62.7
2026-03-04 07:12:40,62.9
2026-03-04 07:12:50,66.8
2026-03-04 07:13:00,67.1
2026-03-04 07:13:10,66.2
2026-03-04 07:13:20,67.3
2026-03-04 07:13:30,66.7
2026-03-04 07:13:40,66.9
2026-03-04 07:13:50,68.5
2026-03-04 07:14:00,69.7
2026-03-04 07:14:10,70.0
2026-03-04 07:14:20,71.4
2026-03-04 07:14:30,72.6
2026-03-04 07:14:40,72.9
2026-03-04 07:14:50,74.5
2026-03-04 07:15:00,74.8
2026-03-04 07:15:10,75.6
2026-03-04 07:15:20,75.5
2026-03-04 07:15:30,76.4
2026-03-04 07:15:40,76.7
2026-03-04 07:15:50,77.6
2026-03-04 07:16:00,78.0
2026-03-04 07:16:10,77.4
2026-03-04 07:16:20,81.1
2026-03-04 07:16:30,80.5
2026-03-04 07:16:40,81.1
2026-03-04 07:16:50,82.2
2026-03-04 07:17:00,82.2
2026-03-04 07:17:10,82.9
2026-03-04 07:17:20,82.3
2026-03-04 07:17:30,83.0
2026-03-04 07:17:40,82.3
2026-03-04 07:17:50,82.2
2026-03-04 07:18:00,82.4
2026-03-04 07:18:10,84.6
2026-03-04 07:18:20,85.2
2026-03-04 07:18:30,85.8
2026-03-04 07:18:40,86.2
2026-03-04 07:18:50,85.6
2026-03-04 07:19:00,86.2
2026-03-04 07:19:10,87.4
2026-03-04 07:19:20,88.8
2026-03-04 07:19:30,90.6
2026-03-04 07:19:40,92.4
2026-03-04 07:19:50,93.5
2026-03-04 07:20:00,95.1
2026-03-04 07:20:10,97.7
2026-03-04 07:20:20,100.2
2026-03-04 07:20:30,102.5
2026-03-04 07:20:40,105.7
2026-03-04 07:20:50,106.9
2026-03-04 07:21:00,108.1
2026-03-04 07:21:10,110.7
2026-03-04 07:21:20,110.6
2026-03-04 07:21:30,112.1
2026-03-04 07:21:40,114.9
2026-03-04 07:21:50,115.0
2026-03-04 07:22:00,116.8
2026-03-04 07:22:10,119.0
2026-03-04 07:22:20,120.1
2026-03-04 07:22:30,122.2
2026-03-04 07:22:40,123.8
2026-03-04 07:22:50,124.4
2026-03-04 07:23:00,126.0
2026-03-04 07:23:10,127.2
2026-03-04 07:23:20,129.2
2026-03-04 07:23:30,130.3
2026-03-04 07:23:40,130.4
2026-03-04 07:23:50,131.4
2026-03-04 07:24:00,133.4
2026-03-04 07:24:10,134.2
2026-03-04 07:24:20,134.9
2026-03-04 07:24:30,136.3
2026-03-04 07:24:40,136.6
2026-03-04 07:24:50,139.1
2026-03-04 07:25:00,139.4
2026-03-04 07:25:10,140.6
2026-03-04 07:25:20,142.1
2026-03-04 07:25:30,141.9
2026-03-04 07:25:40,141.5
2026-03-04 07:25:50,142.9
2026-03-04 07:26:00,143.5
2026-03-04 07:26:10,143.8
2026-03-04 07:26:20,145.6
2026-03-04 07:26:30,146.5
2026-03-04 07:26:40,147.2
2026-03-04 07:26:50,146.7
2026-03-04 07:27:00,147.1
2026-03-04 07:27:10,148.0
2026-03-04 07:27:20,149.0
2026-03-04 07:27:30,148.5
2026-03-04 07:27:40,147.4
2026-03-04 07:27:50,148.2
2026-03-04 07:28:00,149.1
2026-03-04 07:28:10,149.8
2026-03-04 07:28:20,149.2
2026-03-04 07:28:30,149.0
2026-03-04 07:28:40,149.0
2026-03-04 07:28:50,148.2
2026-03-04 07:29:00,149.2
2026-03-04 07:29:10,150.0
2026-03-04 07:29:20,150.1
2026-03-04 07:29:30,150.3
2026-03-04 07:29:40,149.2
2026-03-04 07:29:50,148.9
2026-03-04 07:30:00,149.9
2026-03-04 07:30:10,150.4
2026-03-04 07:30:20,150.6
2026-03-04 07:30:30,149.5
2026-03-04 07:30:40,149.9
2026-03-04 07:30:50,150.5
2026-03-04 07:31:00,151.6
2026-03-04 07:31:10,152.3
2026-03-04 07:31:20,152.4
2026-03-04 07:31:30,152.4
2026-03-04 07:31:40,152.1
2026-03-04 07:31:50,152.5
2026-03-04 07:32:00,152.5
2026-03-04 07:32:10,152.7
2026-03-04 07:32:20,153.3
2026-03-04 07:32:30,153.7
2026-03-04 07:32:40,156.7
2026-03-04 07:32:50,159.3
2026-03-04 07:33:00,160.3
2026-03-04 07:33:10,166.7
2026-03-04 07:33:20,162.9
2026-03-04 07:33:30,164.0
2026-03-04 07:33:40,165.1
2026-03-04 07:33:50,167.1
2026-03-04 07:34:00,168.3
2026-03-04 07:34:10,168.3
2026-03-04 07:34:20,168.7
2026-03-04 07:34:30,168.2
2026-03-04 07:34:40,167.9
2026-03-04 07:34:50,167.1
2026-03-04 07:35:00,167.6
2026-03-04 07:35:10,166.9
2026-03-04 07:35:20,165.2
2026-03-04 07:35:30,164.9
2026-03-04 07:35:40,164.6
2026-03-04 07:35:50,163.9
2026-03-04 07:36:00,161.7
2026-03-04 07:36:10,160.0
2026-03-04 07:36:20,158.6
2026-03-04 07:36:30,155.9
2026-03-04 07:36:40,155.1
2026-03-04 07:36:50,154.2
2026-03-04 07:37:00,153.3
2026-03-04 07:37:10,154.2
2026-03-04 07:37:20,153.1
2026-03-04 07:37:30,153.1
2026-03-04 07:37:40,151.8
2026-03-04 07:37:50,150.1
2026-03-04 07:38:00,149.5
2026-03-04 07:38:10,150.3
2026-03-04 07:38:20,150.6
2026-03-04 07:38:30,150.3
2026-03-04 07:38:40,149.6
2026-03-04 07:38:50,150.5
2026-03-04 07:39:00,151.1
2026-03-04 07:39:10,150.4
2026-03-04 07:39:20,151.0
2026-03-04 07:39:30,151.0
2026-03-04 07:39:40,150.0
2026-03-04 07:39:50,150.3
2026-03-04 07:40:00,152.2
2026-03-04 07:40:10,152.3
2026-03-04 07:40:20,152.0
2026-03-04 07:40:30,152.7
2026-03-04 07:40:40,152.9
2026-03-04 07:40:50,154.2
2026-03-04 07:41:00,154.2
2026-03-04 07:41:10,154.4
2026-03-04 07:41:20,158.1
2026-03-04 07:41:30,159.8
2026-03-04 07:41:40,160.3
2026-03-04 07:41:50,159.4
2026-03-04 07:42:00,157.3
2026-03-04 07:42:10,153.8
2026-03-04 07:42:20,149.3
2026-03-04 07:42:30,146.6
2026-03-04 07:42:40,148.8
2026-03-04 07:42:50,150.1
2026-03-04 07:43:00,151.4
2026-03-04 07:43:10,152.5
2026-03-04 07:43:20,153.1
2026-03-04 07:43:30,154.9
2026-03-04 07:43:40,155.1
2026-03-04 07:43:50,155.0
2026-03-04 07:44:00,155.6
2026-03-04 07:44:10,155.5
2026-03-04 07:44:20,154.9
2026-03-04 07:44:30,155.0
2026-03-04 07:44:40,155.6
2026-03-04 07:44:50,153.8
2026-03-04 07:45:00,153.0
2026-03-04 07:45:10,152.3
2026-03-04 07:45:20,152.9
2026-03-04 07:45:30,151.6
2026-03-04 07:45:40,152.0
2026-03-04 07:45:50,152.4
2026-03-04 07:46:00,152.4
2026-03-04 07:46:10,152.8
2026-03-04 07:46:20,152.4
2026-03-04 07:46:30,152.9
2026-03-04 07:46:40,153.9
2026-03-04 07:46:50,154.7
2026-03-04 07:47:00,153.9
2026-03-04 07:47:10,154.3
2026-03-04 07:47:20,158.1
2026-03-04 07:47:30,155.0
2026-03-04 07:47:40,155.4
2026-03-04 07:47:50,154.7
2026-03-04 07:48:00,156.5
2026-03-04 07:48:10,157.1
2026-03-04 07:48:20,158.3
2026-03-04 07:48:30,158.9
2026-03-04 07:48:40,158.0
2026-03-04 07:48:50,157.8
2026-03-04 07:49:00,159.6
2026-03-04 07:49:10,161.5
2026-03-04 07:49:20,160.9
2026-03-04 07:49:30,161.3
2026-03-04 07:49:40,162.9
2026-03-04 07:49:50,162.9
2026-03-04 07:50:00,163.7
2026-03-04 07:50:10,164.3
2026-03-04 07:50:20,165.6
2026-03-04 07:50:30,166.3
2026-03-04 07:50:40,168.0
2026-03-04 07:50:50,168.0
2026-03-04 07:51:00,168.2
2026-03-04 07:51:10,169.3
2026-03-04 07:51:20,169.1
2026-03-04 07:51:30,170.1
2026-03-04 07:51:40,170.7
2026-03-04 07:51:50,170.8
2026-03-04 07:52:00,172.8
2026-03-04 07:52:10,172.2
2026-03-04 07:52:20,172.3
2026-03-04 07:52:30,170.3
2026-03-04 07:52:40,170.7
2026-03-04 07:52:50,168.7
2026-03-04 07:53:00,165.7
2026-03-04 07:53:10,162.1
2026-03-04 07:53:20,160.4
2026-03-04 07:53:30,157.7
2026-03-04 07:53:40,155.1
2026-03-04 07:53:50,151.9
2026-03-04 07:54:00,149.9
2026-03-04 07:54:10,148.7
2026-03-04 07:54:20,146.9
2026-03-04 07:54:30,146.4
2026-03-04 07:54:40,144.7
2026-03-04 07:54:50,144.6
2026-03-04 07:55:00,144.2
2026-03-04 07:55:10,145.8
2026-03-04 07:55:20,147.3
2026-03-04 07:55:30,150.8
2026-03-04 07:55:40,152.5
2026-03-04 07:55:50,152.1
2026-03-04 07:56:00,150.1
2026-03-04 07:56:10,147.6
2026-03-04 07:56:20,145.1
2026-03-04 07:56:30,139.1
2026-03-04 07:56:40,135.6
2026-03-04 07:56:50,132.5
2026-03-04 07:57:00,129.9
2026-03-04 07:57:10,129.7
2026-03-04 07:57:20,127.7
2026-03-04 07:57:30,125.1
2026-03-04 07:57:40,125.2
2026-03-04 07:57:50,123.4
2026-03-04 07:58:00,123.5
2026-03-04 07:58:10,122.7
2026-03-04 07:58:20,122.0
2026-03-04 07:58:30,121.5
2026-03-04 07:58:40,119.8
2026-03-04 07:58:50,120.0
2026-03-04 07:59:00,118.8
2026-03-04 07:59:10,116.9
2026-03-04 07:59:20,116.0
2026-03-04 07:59:30,113.1
2026-03-04 07:59:40,114.3
2026-03-04 07:59:50,113.7
2026-03-04 08:00:00,114.6
2026-03-04 08:00:10,114.1
2026-03-04 08:00:20,112.0
2026-03-04 08:00:30,112.0
2026-03-04 08:00:40,111.0
2026-03-04 08:00:50,109.7
2026-03-04 08:01:00,109.7
2026-03-04 08:01:10,108.5
2026-03-04 08:01:20,108.1
2026-03-04 08:01:30,106.0
2026-03-04 08:01:40,106.4
2026-03-04 08:01:50,104.8
2026-03-04 08:02:00,104.5
2026-03-04 08:02:10,105.0
2026-03-04 08:02:20,103.4
2026-03-04 08:02:30,102.2
2026-03-04 08:02:40,102.5
2026-03-04 08:02:50,101.1
2026-03-04 08:03:00,101.8
2026-03-04 08:03:10,102.0
2026-03-04 08:03:20,99.6
2026-03-04 08:03:30,99.2
2026-03-04 08:03:40,100.5
2026-03-04 08:03:50,99.8
2026-03-04 08:04:00,98.2
2026-03-04 08:04:10,96.5
2026-03-04 08:04:20,95.7
2026-03-04 08:04:30,95.9
2026-03-04 08:04:40,94.3
2026-03-04 08:04:50,95.3
2026-03-04 08:05:00,95.3
2026-03-04 08:05:10,93.9
2026-03-04 08:05:20,92.5
2026-03-04 08:05:30,93.2
2026-03-04 08:05:40,91.4
2026-03-04 08:05:50,90.3
2026-03-04 08:06:00,90.6
2026-03-04 08:06:10,90.2
2026-03-04 08:06:20,91.1
2026-03-04 08:06:30,91.2
2026-03-04 08:06:40,89.4
2026-03-04 08:06:50,89.7
2026-03-04 08:07:00,90.1
2026-03-04 08:07:10,88.2
2026-03-04 08:07:20,87.5
2026-03-04 08:07:30,86.5
2026-03-04 08:07:40,87.0
2026-03-04 08:07:50,86.0
2026-03-04 08:08:00,85.7
2026-03-04 08:08:10,86.1
2026-03-04 08:08:20,84.6
2026-03-04 08:08:30,83.6
2026-03-04 08:08:40,84.2
2026-03-04 08:08:50,83.6
2026-03-04 08:09:00,83.2
2026-03-04 08:09:10,83.3
2026-03-04 08:09:20,83.3
2026-03-04 08:09:30,82.9
2026-03-04 08:09:40,84.3
2026-03-04 08:09:50,82.9
2026-03-04 08:10:00,82.6
2026-03-04 08:10:10,82.3
2026-03-04 08:10:20,79.3
2026-03-04 08:10:30,81.2
2026-03-04 08:10:40,81.8
2026-03-04 08:10:50,80.0
2026-03-04 08:11:00,79.9
2026-03-04 08:11:10,80.1
2026-03-04 08:11:20,82.6
2026-03-04 08:11:30,80.7
2026-03-04 08:11:40,79.5
2026-03-04 08:11:50,79.3
2026-03-04 08:12:00,79.5
2026-03-04 08:12:10,78.7
2026-03-04 08:12:20,79.8
2026-03-04 08:12:30,80.0
2026-03-04 08:12:40,81.1
2026-03-04 08:12:50,77.9
2026-03-04 08:13:00,77.7
2026-03-04 08:13:10,79.1
2026-03-04 08:13:20,78.8
2026-03-04 08:13:30,79.2
2026-03-04 08:13:40,78.5
2026-03-04 08:13:50,76.3
2026-03-04 08:14:00,75.4
2026-03-04 08:14:10,77.0
2026-03-04 08:14:20,75.6
2026-03-04 08:14:30,75.9
2026-03-04 08:14:40,76.7
2026-03-04 08:14:50,76.7
2026-03-04 08:15:00,75.3
2026-03-04 08:15:10,75.6
2026-03-04 08:15:20,75.2
2026-03-04 08:15:30,75.0
2026-03-04 08:15:40,74.6
2026-03-04 08:15:50,73.2
2026-03-04 08:16:00,74.0
2026-03-04 08:16:10,75.6
2026-03-04 08:16:20,74.3
2026-03-04 08:16:30,74.3
2026-03-04 08:16:40,73.4
2026-03-04 08:16:50,73.7
2026-03-04 08:17:00,72.3
2026-03-04 08:17:10,72.5
2026-03-04 08:17:20,74.6
2026-03-04 08:17:30,74.0
2026-03-04 08:17:40,74.3
2026-03-04 08:17:50,73.5
2026-03-04 08:18:00,72.3
2026-03-04 08:18:10,72.5
2026-03-04 08:18:20,72.3
2026-03-04 08:18:30,71.7
2026-03-04 08:18:40,70.4
2026-03-04 08:18:50,71.9
2026-03-04 08:19:00,74.0
2026-03-04 08:19:10,73.9
2026-03-04 08:19:20,73.0
2026-03-04 08:19:30,72.2
2026-03-04 08:19:40,72.6
2026-03-04 08:19:50,73.5
2026-03-04 08:20:00,71.9
2026-03-04 08:20:10,72.5
2026-03-04 08:20:20,73.0
2026-03-04 08:20:30,72.4
2026-03-04 08:20:40,71.2
2026-03-04 08:20:50,72.0
2026-03-04 08:21:00,73.7
2026-03-04 08:21:10,75.4
2026-03-04 08:21:20,73.7
2026-03-04 08:21:30,73.2
2026-03-04 08:21:40,72.7
2026-03-04 08:21:50,73.9
2026-03-04 08:22:00,73.4
2026-03-04 08:22:10,72.7
2026-03-04 08:22:20,72.9
2026-03-04 08:22:30,71.6
2026-03-04 08:22:40,71.8
2026-03-04 08:22:50,72.3
2026-03-04 08:23:00,71.6
2026-03-04 08:23:10,71.1
2026-03-04 08:23:20,70.2
2026-03-04 08:23:30,70.8
2026-03-04 08:23:40,69.9
2026-03-04 08:23:50,69.8
2026-03-04 08:24:00,72.0
2026-03-04 08:24:10,71.6
2026-03-04 08:24:20,71.6
2026-03-04 08:24:30,73.7
2026-03-04 08:24:40,72.7
2026-03-04 08:24:50,71.3
2026-03-04 08:25:00,70.8
2026-03-04 08:25:10,72.2
2026-03-04 08:25:20,70.7
2026-03-04 08:25:30,70.8
2026-03-04 08:25:40,70.3
2026-03-04 08:25:50,69.5
2026-03-04 08:26:00,68.3
2026-03-04 08:26:10,68.0
2026-03-04 08:26:20,67.0
2026-03-04 08:26:30,67.6
2026-03-04 08:26:40,67.6
2026-03-04 08:26:50,69.5
2026-03-04 08:27:00,66.9
2026-03-04 08:27:10,67.4
2026-03-04 08:27:20,66.3
2026-03-04 08:27:30,67.5
2026-03-04 08:27:40,67.6
2026-03-04 08:27:50,67.0
2026-03-04 08:28:00,69.2
2026-03-04 08:28:10,67.1
2026-03-04 08:28:20,67.5
2026-03-04 08:28:30,68.2
2026-03-04 08:28:40,68.3
2026-03-04 08:28:50,68.2
2026-03-04 08:29:00,66.7
2026-03-04 08:29:10,66.7
2026-03-04 08:29:20,67.4
2026-03-04 08:29:30,67.2
2026-03-04 08:29:40,67.5
2026-03-04 08:29:50,67.7
2026-03-04 08:30:00,67.7
2026-03-04 08:30:10,67.4
2026-03-04 08:30:20,67.1
2026-03-04 08:30:30,66.8
2026-03-04 08:30:40,68.3
2026-03-04 08:30:50,67.0
2026-03-04 08:31:00,68.3
2026-03-04 08:31:10,67.9
2026-03-04 08:31:20,68.5
2026-03-04 08:31:30,67.3
2026-03-04 08:31:40,67.3
2026-03-04 08:31:50,68.3
2026-03-04 08:32:00,68.8
2026-03-04 08:32:10,68.4
2026-03-04 08:32:20,68.1
2026-03-04 08:32:30,67.7
2026-03-04 08:32:40,69.5
2026-03-04 08:32:50,69.4
2026-03-04 08:33:00,70.0
2026-03-04 08:33:10,71.7
2026-03-04 08:33:20,70.9
2026-03-04 08:33:30,71.9
2026-03-04 08:33:40,71.5
2026-03-04 08:33:50,70.2
2026-03-04 08:34:00,69.7
2026-03-04 08:34:10,69.7
2026-03-04 08:34:20,69.7
2026-03-04 08:34:30,70.7
2026-03-04 08:34:40,70.2
2026-03-04 08:34:50,68.3
2026-03-04 08:35:00,70.1
2026-03-04 08:35:10,70.6
2026-03-04 08:35:20,70.7
2026-03-04 08:35:30,69.8
2026-03-04 08:35:40,69.2
2026-03-04 08:35:50,70.9
2026-03-04 08:36:00,69.3
2026-03-04 08:36:10,69.6
2026-03-04 08:36:20,70.6
2026-03-04 08:36:30,72.5
2026-03-04 08:36:40,72.4
2026-03-04 08:36:50,73.0
2026-03-04 08:37:00,72.8
2026-03-04 08:37:10,73.7
2026-03-04 08:37:20,72.3
2026-03-04 08:37:30,71.1
2026-03-04 08:37:40,71.5
2026-03-04 08:37:50,71.4
2026-03-04 08:38:00,70.0
2026-03-04 08:38:10,70.5
2026-03-04 08:38:20,71.4
2026-03-04 08:38:30,72.0
2026-03-04 08:38:40,72.7
2026-03-04 08:38:50,72.0
2026-03-04 08:39:00,72.3
2026-03-04 08:39:10,73.3
2026-03-04 08:39:20,72.3
2026-03-04 08:39:30,71.8
2026-03-04 08:39:40,72.0
2026-03-04 08:39:50,72.3
2026-03-04 08:40:00,72.7
2026-03-04 08:40:10,72.1
2026-03-04 08:40:20,72.6
2026-03-04 08:40:30,74.4
2026-03-04 08:40:40,73.3
2026-03-04 08:40:50,73.2
2026-03-04 08:41:00,73.4
2026-03-04 08:41:10,73.0
2026-03-04 08:41:20,72.2
2026-03-04 08:41:30,72.4
2026-03-04 08:41:40,72.1
2026-03-04 08:41:50,73.0
2026-03-04 08:42:00,73.4
2026-03-04 08:42:10,73.0
2026-03-04 08:42:20,71.9
2026-03-04 08:42:30,72.7
2026-03-04 08:42:40,70.6
2026-03-04 08:42:50,73.0
2026-03-04 08:43:00,70.9
2026-03-04 08:43:10,70.0
2026-03-04 08:43:20,71.6
2026-03-04 08:43:30,71.2
2026-03-04 08:43:40,69.4
2026-03-04 08:43:50,70.4
2026-03-04 08:44:00,71.2
2026-03-04 08:44:10,67.6
2026-03-04 08:44:20,63.2
2026-03-04 08:44:30,67.6
2026-03-04 08:44:40,67.1
2026-03-04 08:44:50,70.9
2026-03-04 08:45:00,70.0
2026-03-04 08:45:10,69.5
2026-03-04 08:45:20,69.2
2026-03-04 08:45:30,69.4
2026-03-04 08:45:40,67.5
2026-03-04 08:45:50,69.3
2026-03-04 08:46:00,69.5
2026-03-04 08:46:10,70.8
2026-03-04 08:46:20,70.1
2026-03-04 08:46:30,68.9
2026-03-04 08:46:40,68.9
2026-03-04 08:46:50,67.6
2026-03-04 08:47:00,68.4
2026-03-04 08:47:10,68.8
2026-03-04 08:47:20,69.1
2026-03-04 08:47:30,68.4
2026-03-04 08:47:40,68.6
2026-03-04 08:47:50,70.1
2026-03-04 08:48:00,69.0
2026-03-04 08:48:10,69.4
2026-03-04 08:48:20,69.1
2026-03-04 08:48:30,70.3
2026-03-04 08:48:40,69.4
2026-03-04 08:48:50,68.5
2026-03-04 08:49:00,68.0
2026-03-04 08:49:10,68.5
2026-03-04 08:49:20,67.1
2026-03-04 08:49:30,66.0
2026-03-04 08:49:40,66.8
2026-03-04 08:49:50,68.6
2026-03-04 08:50:00,69.0
2026-03-04 08:50:10,70.4
2026-03-04 08:50:20,69.8
2026-03-04 08:50:30,70.2
2026-03-04 08:50:40,69.1
2026-03-04 08:50:50,70.2
2026-03-04 08:51:00,68.8
2026-03-04 08:51:10,70.2
2026-03-04 08:51:20,68.7
2026-03-04 08:51:30,68.3
2026-03-04 08:51:40,70.0
2026-03-04 08:51:50,71.7
2026-03-04 08:52:00,73.6
2026-03-04 08:52:10,72.4
2026-03-04 08:52:20,72.5
2026-03-04 08:52:30,73.2
2026-03-04 08:52:40,72.8
2026-03-04 08:52:50,74.2
2026-03-04 08:53:00,73.9
2026-03-04 08:53:10,73.7
2026-03-04 08:53:20,75.4
2026-03-04 08:53:30,74.8
2026-03-04 08:53:40,73.6
2026-03-04 08:53:50,74.5
2026-03-04 08:54:00,74.9
2026-03-04 08:54:10,74.6
2026-03-04 08:54:20,74.6
2026-03-04 08:54:30,74.4
2026-03-04 08:54:40,76.0
2026-03-04 08:54:50,76.3
2026-03-04 08:55:00,76.3
2026-03-04 08:55:10,75.2
2026-03-04 08:55:20,75.2
2026-03-04 08:55:30,76.8
2026-03-04 08:55:40,78.4
2026-03-04 08:55:50,79.5
2026-03-04 08:56:00,81.0
2026-03-04 08:56:10,83.2
2026-03-04 08:56:20,84.0
2026-03-04 08:56:30,84.3
2026-03-04 08:56:40,83.4
2026-03-04 08:56:50,81.8
2026-03-04 08:57:00,81.5
2026-03-04 08:57:10,80.3
2026-03-04 08:57:20,80.5
2026-03-04 08:57:30,80.1
2026-03-04 08:57:40,79.8
2026-03-04 08:57:50,78.3
2026-03-04 08:58:00,77.0
2026-03-04 08:58:10,75.6
2026-03-04 08:58:20,74.9
2026-03-04 08:58:30,73.0
2026-03-04 08:58:40,75.3
2026-03-04 08:58:50,75.0
2026-03-04 08:59:00,74.2
2026-03-04 08:59:10,72.7
2026-03-04 08:59:20,71.3
2026-03-04 08:59:30,72.4
2026-03-04 08:59:40,73.5
2026-03-04 08:59:50,72.4
2026-03-04 09:00:00,74.0
2026-03-04 09:00:10,74.6
2026-03-04 09:00:20,74.2
2026-03-04 09:00:30,70.7
2026-03-04 09:00:40,72.5
2026-03-04 09:00:50,72.9
2026-03-04 09:01:00,71.9
2026-03-04 09:01:10,71.0
2026-03-04 09:01:20,71.8
2026-03-04 09:01:30,70.6
2026-03-04 09:01:40,71.5
2026-03-04 09:01:50,72.4
2026-03-04 09:02:00,71.6
2026-03-04 09:02:10,70.8
2026-03-04 09:02:20,71.3
2026-03-04 09:02:30,71.3
2026-03-04 09:02:40,72.6
2026-03-04 09:02:50,73.1
2026-03-04 09:03:00,74.3
2026-03-04 09:03:10,71.9
2026-03-04 09:03:20,72.7
2026-03-04 09:03:30,73.7
2026-03-04 09:03:40,73.0
2026-03-04 09:03:50,71.5
2026-03-04 09:04:00,70.6
2026-03-04 09:04:10,71.6
2026-03-04 09:04:20,73.9
2026-03-04 09:04:30,70.6
2026-03-04 09:04:40,69.9
2026-03-04 09:04:50,70.8
2026-03-04 09:05:00,70.6
2026-03-04 09:05:10,71.4
2026-03-04 09:05:20,69.7
2026-03-04 09:05:30,71.5
2026-03-04 09:05:40,72.2
2026-03-04 09:05:50,69.3
2026-03-04 09:06:00,69.8
2026-03-04 09:06:10,69.7
2026-03-04 09:06:20,71.4
2026-03-04 09:06:30,70.0
2026-03-04 09:06:40,70.8
2026-03-04 09:06:50,67.6
2026-03-04 09:07:00,68.6
2026-03-04 09:07:10,71.3
2026-03-04 09:07:20,69.4
2026-03-04 09:07:30,67.8
2026-03-04 09:07:40,69.0
2026-03-04 09:07:50,68.9
2026-03-04 09:08:00,66.3
2026-03-04 09:08:10,68.9
2026-03-04 09:08:20,69.2
2026-03-04 09:08:30,68.4
2026-03-04 09:08:40,69.8
2026-03-04 09:08:50,70.4
2026-03-04 09:09:00,69.2
2026-03-04 09:09:10,70.0
2026-03-04 09:09:20,69.4
2026-03-04 09:09:30,67.8
2026-03-04 09:09:40,69.5
2026-03-04 09:09:50,69.7
2026-03-04 09:10:00,69.5
2026-03-04 09:10:10,68.6
2026-03-04 09:10:20,69.0
2026-03-04 09:10:30,69.3
2026-03-04 09:10:40,70.8
2026-03-04 09:10:50,69.3
2026-03-04 09:11:00,69.3
2026-03-04 09:11:10,68.9
2026-03-04 09:11:20,68.4
2026-03-04 09:11:30,70.3
2026-03-04 09:11:40,69.6
2026-03-04 09:11:50,70.7
2026-03-04 09:12:00,70.8
2026-03-04 09:12:10,72.9
2026-03-04 09:12:20,70.3
2026-03-04 09:12:30,69.7
2026-03-04 09:12:40,69.6
2026-03-04 09:12:50,70.5
2026-03-04 09:13:00,71.3
2026-03-04 09:13:10,68.4
2026-03-04 09:13:20,68.4
2026-03-04 09:13:30,68.1
2026-03-04 09:13:40,69.7
2026-03-04 09:13:50,69.8
2026-03-04 09:14:00,68.9
2026-03-04 09:14:10,78.6
2026-03-04 09:14:20,74.6
2026-03-04 09:14:30,69.5
2026-03-04 09:14:40,68.8
2026-03-04 09:14:50,69.0
2026-03-04 09:15:00,68.9
2026-03-04 09:15:10,69.0
2026-03-04 09:15:20,68.6
2026-03-04 09:15:30,68.8
2026-03-04 09:15:40,69.5
2026-03-04 09:15:50,69.2
2026-03-04 09:16:00,71.3
2026-03-04 09:16:10,71.0
2026-03-04 09:16:20,69.2
2026-03-04 09:16:30,69.8
2026-03-04 09:16:40,68.3
2026-03-04 09:16:50,70.6
2026-03-04 09:17:00,70.4
2026-03-04 09:17:10,70.2
2026-03-04 09:17:20,68.6
2026-03-04 09:17:30,70.3
2026-03-04 09:17:40,69.7
2026-03-04 09:17:50,69.5
2026-03-04 09:18:00,67.0
2026-03-04 09:18:10,66.8
2026-03-04 09:18:20,68.3
2026-03-04 09:18:30,68.1
2026-03-04 09:18:40,67.1
2026-03-04 09:18:50,68.4
2026-03-04 09:19:00,68.5
2026-03-04 09:19:10,69.2
2026-03-04 09:19:20,69.2
2026-03-04 09:19:30,68.0
2026-03-04 09:19:40,69.6
2026-03-04 09:19:50,68.5
2026-03-04 09:20:00,68.0
2026-03-04 09:20:10,69.9
2026-03-04 09:20:20,68.5
2026-03-04 09:20:30,68.6
2026-03-04 09:20:40,69.2
2026-03-04 09:20:50,70.0
2026-03-04 09:21:00,68.8
2026-03-04 09:21:10,70.0
2026-03-04 09:21:20,68.9
2026-03-04 09:21:30,69.9
2026-03-04 09:21:40,71.2
2026-03-04 09:21:50,70.6
2026-03-04 09:22:00,70.3
2026-03-04 09:22:10,69.9
2026-03-04 09:22:20,71.0
2026-03-04 09:22:30,67.9
2026-03-04 09:22:40,68.3
2026-03-04 09:22:50,69.9
2026-03-04 09:23:00,69.7
2026-03-04 09:23:10,69.1
2026-03-04 09:23:20,68.9
2026-03-04 09:23:30,70.5
2026-03-04 09:23:40,71.0
2026-03-04 09:23:50,70.9
2026-03-04 09:24:00,70.2
2026-03-04 09:24:10,70.3
2026-03-04 09:24:20,67.5
2026-03-04 09:24:30,69.1
2026-03-04 09:24:40,68.2
2026-03-04 09:24:50,67.4
2026-03-04 09:25:00,68.5
2026-03-04 09:25:10,67.7
2026-03-04 09:25:20,68.7
2026-03-04 09:25:30,69.5
2026-03-04 09:25:40,69.4
2026-03-04 09:25:50,69.6
2026-03-04 09:26:00,68.3
2026-03-04 09:26:10,68.4
2026-03-04 09:26:20,69.6
2026-03-04 09:26:30,71.2
2026-03-04 09:26:40,71.2
2026-03-04 09:26:50,68.2
2026-03-04 09:27:00,67.9
2026-03-04 09:27:10,68.3
2026-03-04 09:27:20,69.8
2026-03-04 09:27:30,69.9
2026-03-04 09:27:40,69.3
2026-03-04 09:27:50,68.7
2026-03-04 09:28:00,67.8
2026-03-04 09:28:10,69.0
2026-03-04 09:28:20,70.2
2026-03-04 09:28:30,70.2
2026-03-04 09:28:40,70.9
2026-03-04 09:28:50,70.1
2026-03-04 09:29:00,70.2
2026-03-04 09:29:10,69.9
2026-03-04 09:29:20,69.2
2026-03-04 09:29:30,71.6
2026-03-04 09:29:40,71.3
2026-03-04 09:29:50,70.7
2026-03-04 09:30:00,70.7
2026-03-04 09:30:10,69.7
2026-03-04 09:30:20,72.3
2026-03-04 09:30:30,75.0
2026-03-04 09:30:40,76.6
2026-03-04 09:30:50,77.4
2026-03-04 09:31:00,82.3
2026-03-04 09:31:10,82.3
2026-03-04 09:31:20,85.2
2026-03-04 09:31:30,88.8
2026-03-04 09:31:40,92.7
2026-03-04 09:31:50,97.4
2026-03-04 09:32:00,98.9
2026-03-04 09:32:10,100.2
2026-03-04 09:32:20,100.9
2026-03-04 09:32:30,103.5
2026-03-04 09:32:40,103.5
2026-03-04 09:32:50,102.6
2026-03-04 09:33:00,104.7
2026-03-04 09:33:10,104.0
2026-03-04 09:33:20,101.7
2026-03-04 09:33:30,102.2
2026-03-04 09:33:40,102.3
2026-03-04 09:33:50,101.9
2026-03-04 09:34:00,101.4
2026-03-04 09:34:10,101.8
2026-03-04 09:34:20,104.1
2026-03-04 09:34:30,104.2
2026-03-04 09:34:40,103.5
2026-03-04 09:34:50,103.9
2026-03-04 09:35:00,103.4
2026-03-04 09:35:10,103.8
2026-03-04 09:35:20,103.2
2026-03-04 09:35:30,103.9
2026-03-04 09:35:40,105.0
2026-03-04 09:35:50,105.6
2026-03-04 09:36:00,104.6
2026-03-04 09:36:10,104.1
2026-03-04 09:36:20,103.7
2026-03-04 09:36:30,103.3
2026-03-04 09:36:40,103.8
2026-03-04 09:36:50,103.6
2026-03-04 09:37:00,103.9
2026-03-04 09:37:10,101.7
2026-03-04 09:37:20,101.6
2026-03-04 09:37:30,102.2
2026-03-04 09:37:40,99.4
2026-03-04 09:37:50,99.1
2026-03-04 09:38:00,98.8
2026-03-04 09:38:10,97.0
2026-03-04 09:38:20,95.5
2026-03-04 09:38:30,94.9
2026-03-04 09:38:40,93.9
2026-03-04 09:38:50,93.1
2026-03-04 09:39:00,92.8
2026-03-04 09:39:10,91.7
2026-03-04 09:39:20,90.5
2026-03-04 09:39:30,90.4
2026-03-04 09:39:40,90.1
2026-03-04 09:39:50,91.7
2026-03-04 09:40:00,88.8
2026-03-04 09:40:10,87.3
2026-03-04 09:40:20,87.0
2026-03-04 09:40:30,85.8
2026-03-04 09:40:40,85.3
2026-03-04 09:40:50,84.9
2026-03-04 09:41:00,84.6
2026-03-04 09:41:10,82.8
2026-03-04 09:41:20,85.6
2026-03-04 09:41:30,84.2
2026-03-04 09:41:40,83.5
2026-03-04 09:41:50,84.0
2026-03-04 09:42:00,83.9
2026-03-04 09:42:10,82.1
2026-03-04 09:42:20,82.2
2026-03-04 09:42:30,80.7
2026-03-04 09:42:40,80.4
2026-03-04 09:42:50,81.0
2026-03-04 09:43:00,82.1
2026-03-04 09:43:10,82.1
2026-03-04 09:43:20,80.9
2026-03-04 09:43:30,83.2
2026-03-04 09:43:40,82.6
2026-03-04 09:43:50,83.1
2026-03-04 09:44:00,81.9
2026-03-04 09:44:10,81.4
2026-03-04 09:44:20,79.7
2026-03-04 09:44:30,82.5
2026-03-04 09:44:40,81.1
2026-03-04 09:44:50,81.8
2026-03-04 09:45:00,80.5
2026-03-04 09:45:10,80.8
2026-03-04 09:45:20,78.6
2026-03-04 09:45:30,79.7
2026-03-04 09:45:40,79.1
2026-03-04 09:45:50,78.5
2026-03-04 09:46:00,80.0
2026-03-04 09:46:10,79.4
2026-03-04 09:46:20,78.8
2026-03-04 09:46:30,80.9
2026-03-04 09:46:40,80.5
2026-03-04 09:46:50,78.8
2026-03-04 09:47:00,78.7
2026-03-04 09:47:10,79.1
2026-03-04 09:47:20,79.1
2026-03-04 09:47:30,77.0
2026-03-04 09:47:40,76.9
2026-03-04 09:47:50,78.0
2026-03-04 09:48:00,76.8
2026-03-04 09:48:10,78.2
2026-03-04 09:48:20,76.9
2026-03-04 09:48:30,78.9
2026-03-04 09:48:40,78.1
2026-03-04 09:48:50,76.9
2026-03-04 09:49:00,76.1
2026-03-04 09:49:10,76.9
2026-03-04 09:49:20,75.6
2026-03-04 09:49:30,74.8
2026-03-04 09:49:40,75.6
2026-03-04 09:49:50,76.6
2026-03-04 09:50:00,75.9
2026-03-04 09:50:10,75.9
2026-03-04 09:50:20,76.6
2026-03-04 09:50:30,76.6
2026-03-04 09:50:40,75.3
2026-03-04 09:50:50,76.7
2026-03-04 09:51:00,77.3
2026-03-04 09:51:10,77.1
2026-03-04 09:51:20,76.5
2026-03-04 09:51:30,75.9
2026-03-04 09:51:40,75.9
2026-03-04 09:51:50,75.4
2026-03-04 09:52:00,77.0
2026-03-04 09:52:10,76.0
2026-03-04 09:52:20,76.1
2026-03-04 09:52:30,76.4
2026-03-04 09:52:40,77.5
2026-03-04 09:52:50,77.7
2026-03-04 09:53:00,77.4
2026-03-04 09:53:10,78.0
2026-03-04 09:53:20,76.5
2026-03-04 09:53:30,76.5
2026-03-04 09:53:40,76.0
2026-03-04 09:53:50,75.4
2026-03-04 09:54:00,75.9
2026-03-04 09:54:10,77.0
2026-03-04 09:54:20,76.3
2026-03-04 09:54:30,74.5
2026-03-04 09:54:40,76.7
2026-03-04 09:54:50,75.6
2026-03-04 09:55:00,75.4
2026-03-04 09:55:10,76.5
2026-03-04 09:55:20,75.7
2026-03-04 09:55:30,75.8
2026-03-04 09:55:40,76.1
2026-03-04 09:55:50,76.2
2026-03-04 09:56:00,76.9
2026-03-04 09:56:10,76.2
2026-03-04 09:56:20,76.7
2026-03-04 09:56:30,75.7
2026-03-04 09:56:40,75.7
2026-03-04 09:56:50,76.5
2026-03-04 09:57:00,76.0
2026-03-04 09:57:10,75.7
2026-03-04 09:57:20,77.6
2026-03-04 09:57:30,77.4
2026-03-04 09:57:40,76.6
2026-03-04 09:57:50,76.8
2026-03-04 09:58:00,75.8
2026-03-04 09:58:10,76.2
2026-03-04 09:58:20,76.8
2026-03-04 09:58:30,75.7
2026-03-04 09:58:40,76.1
2026-03-04 09:58:50,76.9
2026-03-04 09:59:00,78.4
2026-03-04 09:59:10,78.5
2026-03-04 09:59:20,77.4
2026-03-04 09:59:30,77.5
2026-03-04 09:59:40,77.9
2026-03-04 09:59:50,78.0
2026-03-04 10:00:00,76.6
2026-03-04 10:00:10,77.1
2026-03-04 10:00:20,78.3
2026-03-04 10:00:30,77.3
2026-03-04 10:00:40,77.3
2026-03-04 10:00:50,75.7
2026-03-04 10:01:00,76.8
2026-03-04 10:01:10,77.8
2026-03-04 10:01:20,76.6
2026-03-04 10:01:30,77.6
2026-03-04 10:01:40,76.4
2026-03-04 10:01:50,75.7
2026-03-04 10:02:00,76.8
2026-03-04 10:02:10,78.0
2026-03-04 10:02:20,77.8
2026-03-04 10:02:30,76.3
2026-03-04 10:02:40,79.0
2026-03-04 10:02:50,77.8
2026-03-04 10:03:00,77.7
2026-03-04 10:03:10,75.4
2026-03-04 10:03:20,76.7
2026-03-04 10:03:30,77.1
2026-03-04 10:03:40,76.6
2026-03-04 10:03:50,75.7
2026-03-04 10:04:00,75.4
2026-03-04 10:04:10,76.3
2026-03-04 10:04:20,77.5
2026-03-04 10:04:30,75.5
2026-03-04 10:04:40,74.9
2026-03-04 10:04:50,75.1
2026-03-04 10:05:00,74.4
2026-03-04 10:05:10,75.2
2026-03-04 10:05:20,77.5
2026-03-04 10:05:30,80.1
2026-03-04 10:05:40,81.3
2026-03-04 10:05:50,79.5
2026-03-04 10:06:00,76.3
2026-03-04 10:06:10,76.2
2026-03-04 10:06:20,75.2
2026-03-04 10:06:30,76.9
2026-03-04 10:06:40,76.3
2026-03-04 10:06:50,77.7
2026-03-04 10:07:00,76.7
2026-03-04 10:07:10,77.2
2026-03-04 10:07:20,78.2
2026-03-04 10:07:30,76.2
2026-03-04 10:07:40,76.9
2026-03-04 10:07:50,76.3
2026-03-04 10:08:00,76.3
2026-03-04 10:08:10,77.2
2026-03-04 10:08:20,75.7
2026-03-04 10:08:30,77.0
2026-03-04 10:08:40,77.8
2026-03-04 10:08:50,76.0
2026-03-04 10:09:00,76.3
2026-03-04 10:09:10,76.8
2026-03-04 10:09:20,77.0
2026-03-04 10:09:30,77.3
2026-03-04 10:09:40,76.7
2026-03-04 10:09:50,76.2
2026-03-04 10:10:00,76.0
2026-03-04 10:10:10,75.2
2026-03-04 10:10:20,75.1
2026-03-04 10:10:30,76.8
2026-03-04 10:10:40,76.7
2026-03-04 10:10:50,77.0
2026-03-04 10:11:00,75.9
2026-03-04 10:11:10,77.2
2026-03-04 10:11:20,76.1
2026-03-04 10:11:30,78.9
2026-03-04 10:11:40,80.5
2026-03-04 10:11:50,79.8
2026-03-04 10:12:00,80.2
2026-03-04 10:12:10,79.3
2026-03-04 10:12:20,78.4
2026-03-04 10:12:30,80.1
2026-03-04 10:12:40,79.2
2026-03-04 10:12:50,79.2
2026-03-04 10:13:00,79.6
2026-03-04 10:13:10,79.7
2026-03-04 10:13:20,79.6
2026-03-04 10:13:30,79.9
2026-03-04 10:13:40,79.8
2026-03-04 10:13:50,78.7
2026-03-04 10:14:00,79.1
2026-03-04 10:14:10,79.7
2026-03-04 10:14:20,80.0
2026-03-04 10:14:30,81.3
2026-03-04 10:14:40,79.8
2026-03-04 10:14:50,80.7
2026-03-04 10:15:00,83.1
2026-03-04 10:15:10,82.3
2026-03-04 10:15:20,82.6
2026-03-04 10:15:30,81.5
2026-03-04 10:15:40,82.5
2026-03-04 10:15:50,81.4
2026-03-04 10:16:00,79.5
2026-03-04 10:16:10,81.2
2026-03-04 10:16:20,81.5
2026-03-04 10:16:30,80.8
2026-03-04 10:16:40,80.6
2026-03-04 10:16:50,79.9
2026-03-04 10:17:00,79.3
2026-03-04 10:17:10,78.9
2026-03-04 10:17:20,79.5
2026-03-04 10:17:30,79.8
2026-03-04 10:17:40,79.4
2026-03-04 10:17:50,80.5
2026-03-04 10:18:00,81.5
2026-03-04 10:18:10,81.6
2026-03-04 10:18:20,81.4
2026-03-04 10:18:30,79.9
2026-03-04 10:18:40,79.1
2026-03-04 10:18:50,78.7
2026-03-04 10:19:00,79.0
2026-03-04 10:19:10,78.2
2026-03-04 10:19:20,77.7
2026-03-04 10:19:30,77.8
2026-03-04 10:19:40,77.3
2026-03-04 10:19:50,76.5
2026-03-04 10:20:00,76.9
2026-03-04 10:20:10,76.6
2026-03-04 10:20:20,76.1
2026-03-04 10:20:30,76.8
2026-03-04 10:20:40,77.6
2026-03-04 10:20:50,78.4
2026-03-04 10:21:00,78.8
2026-03-04 10:21:10,78.4
2026-03-04 10:21:20,77.9
2026-03-04 10:21:30,79.8
2026-03-04 10:21:40,77.5
2026-03-04 10:21:50,78.8
2026-03-04 10:22:00,78.0
2026-03-04 10:22:10,78.9
2026-03-04 10:22:20,78.7
2026-03-04 10:22:30,78.6
2026-03-04 10:22:40,78.0
2026-03-04 10:22:50,77.4
2026-03-04 10:23:00,78.4
2026-03-04 10:23:10,80.4
2026-03-04 10:23:20,79.9
2026-03-04 10:23:30,78.7
2026-03-04 10:23:40,77.7
2026-03-04 10:23:50,77.4
2026-03-04 10:24:00,77.7
2026-03-04 10:24:10,77.3
2026-03-04 10:24:20,77.0
2026-03-04 10:24:30,77.2
2026-03-04 10:24:40,76.8
2026-03-04 10:24:50,77.4
2026-03-04 10:25:00,75.8
2026-03-04 10:25:10,77.4
2026-03-04 10:25:20,77.3
2026-03-04 10:25:30,76.6
2026-03-04 10:25:40,77.2
2026-03-04 10:25:50,77.5
2026-03-04 10:26:00,79.4
2026-03-04 10:26:10,78.3
2026-03-04 10:26:20,77.7
2026-03-04 10:26:30,78.4
2026-03-04 10:26:40,78.5
2026-03-04 10:26:50,80.0
2026-03-04 10:27:00,78.4
2026-03-04 10:27:10,79.3
2026-03-04 10:27:20,79.4
2026-03-04 10:27:30,78.4
2026-03-04 10:27:40,76.1
2026-03-04 10:27:50,78.2
2026-03-04 10:28:00,79.0
2026-03-04 10:28:10,76.4
2026-03-04 10:28:20,76.7
2026-03-04 10:28:30,77.7
2026-03-04 10:28:40,78.9
2026-03-04 10:28:50,77.1
2026-03-04 10:29:00,76.4
2026-03-04 10:29:10,77.5
2026-03-04 10:29:20,78.6
2026-03-04 10:29:30,79.4
2026-03-04 10:29:40,78.8
2026-03-04 10:29:50,77.9
2026-03-04 10:30:00,78.8
2026-03-04 10:30:10,78.6
2026-03-04 10:30:20,78.8
2026-03-04 10:30:30,79.9
2026-03-04 10:30:40,80.0
2026-03-04 10:30:50,80.1
2026-03-04 10:31:00,79.2
2026-03-04 10:31:10,79.4
2026-03-04 10:31:20,80.0
2026-03-04 10:31:30,79.1
2026-03-04 10:31:40,80.3
2026-03-04 10:31:50,79.9
2026-03-04 10:32:00,79.9
2026-03-04 10:32:10,79.0
2026-03-04 10:32:20,80.4
2026-03-04 10:32:30,80.2
2026-03-04 10:32:40,79.5
2026-03-04 10:32:50,80.3
2026-03-04 10:33:00,82.5
2026-03-04 10:33:10,81.0
2026-03-04 10:33:20,
2026-03-04 10:33:30,
2026-03-04 10:33:40,
2026-03-04 10:33:50,
2026-03-04 10:34:00,
2026-03-04 10:34:10,80.0
2026-03-04 10:34:20,79.3
2026-03-04 10:34:30,80.4
2026-03-04 10:34:40,79.9
2026-03-04 10:34:50,79.8
2026-03-04 10:35:00,80.6
2026-03-04 10:35:10,79.5
2026-03-04 10:35:20,77.2
2026-03-04 10:35:30,78.9
2026-03-04 10:35:40,78.8
2026-03-04 10:35:50,78.8
2026-03-04 10:36:00,78.9
2026-03-04 10:36:10,78.3
2026-03-04 10:36:20,77.8
2026-03-04 10:36:30,77.5
2026-03-04 10:36:40,78.2
2026-03-04 10:36:50,78.6
2026-03-04 10:37:00,78.0
2026-03-04 10:37:10,76.3
2026-03-04 10:37:20,76.5
2026-03-04 10:37:30,77.7
2026-03-04 10:37:40,78.4
2026-03-04 10:37:50,76.9
2026-03-04 10:38:00,77.9
2026-03-04 10:38:10,77.6
2026-03-04 10:38:20,78.2
2026-03-04 10:38:30,78.8
2026-03-04 10:38:40,76.8
2026-03-04 10:38:50,76.7
2026-03-04 10:39:00,78.2
2026-03-04 10:39:10,78.3
2026-03-04 10:39:20,77.3
2026-03-04 10:39:30,77.7
2026-03-04 10:39:40,76.6
2026-03-04 10:39:50,75.9
2026-03-04 10:40:00,77.6
2026-03-04 10:40:10,77.1
2026-03-04 10:40:20,78.2
2026-03-04 10:40:30,78.0
2026-03-04 10:40:40,77.7
2026-03-04 10:40:50,77.9
2026-03-04 10:41:00,76.7
2026-03-04 10:41:10,79.9
2026-03-04 10:41:20,78.2
2026-03-04 10:41:30,79.0
2026-03-04 10:41:40,79.6
2026-03-04 10:41:50,79.7
2026-03-04 10:42:00,80.1
2026-03-04 10:42:10,78.0
2026-03-04 10:42:20,79.4
2026-03-04 10:42:30,79.5
2026-03-04 10:42:40,79.3
2026-03-04 10:42:50,79.0
2026-03-04 10:43:00,78.4
2026-03-04 10:43:10,78.8
2026-03-04 10:43:20,78.9
2026-03-04 10:43:30,79.8
2026-03-04 10:43:40,79.7
2026-03-04 10:43:50,78.3
2026-03-04 10:44:00,78.9
2026-03-04 10:44:10,79.0
2026-03-04 10:44:20,78.8
2026-03-04 10:44:30,77.7
2026-03-04 10:44:40,78.9
2026-03-04 10:44:50,81.0
2026-03-04 10:45:00,78.7
2026-03-04 10:45:10,79.6
2026-03-04 10:45:20,80.6
2026-03-04 10:45:30,79.1
2026-03-04 10:45:40,79.7
2026-03-04 10:45:50,79.5
2026-03-04 10:46:00,78.8
2026-03-04 10:46:10,78.8
2026-03-04 10:46:20,78.5
2026-03-04 10:46:30,78.9
2026-03-04 10:46:40,78.0
2026-03-04 10:46:50,76.6
2026-03-04 10:47:00,77.9
2026-03-04 10:47:10,78.2
2026-03-04 10:47:20,78.1
2026-03-04 10:47:30,79.3
2026-03-04 10:47:40,78.3
2026-03-04 10:47:50,77.1
2026-03-04 10:48:00,78.0
2026-03-04 10:48:10,76.6
2026-03-04 10:48:20,77.3
2026-03-04 10:48:30,77.3
2026-03-04 10:48:40,76.5
2026-03-04 10:48:50,78.6
2026-03-04 10:49:00,78.1
2026-03-04 10:49:10,76.4
2026-03-04 10:49:20,77.0
2026-03-04 10:49:30,76.7
2026-03-04 10:49:40,75.9
2026-03-04 10:49:50,77.7
2026-03-04 10:50:00,76.5
2026-03-04 10:50:10,76.6
2026-03-04 10:50:20,78.2
2026-03-04 10:50:30,79.2
2026-03-04 10:50:40,77.7
2026-03-04 10:50:50,78.8
2026-03-04 10:51:00,78.4
2026-03-04 10:51:10,80.6
2026-03-04 10:51:20,81.8
2026-03-04 10:51:30,82.5
2026-03-04 10:51:40,82.5
2026-03-04 10:51:50,84.7
2026-03-04 10:52:00,86.8
2026-03-04 10:52:10,88.7
2026-03-04 10:52:20,87.3
2026-03-04 10:52:30,87.5
2026-03-04 10:52:40,88.5
2026-03-04 10:52:50,90.2
2026-03-04 10:53:00,90.1
2026-03-04 10:53:10,91.1
2026-03-04 10:53:20,91.9
2026-03-04 10:53:30,92.0
2026-03-04 10:53:40,92.4
2026-03-04 10:53:50,92.8
2026-03-04 10:54:00,91.8
2026-03-04 10:54:10,93.1
2026-03-04 10:54:20,93.1
2026-03-04 10:54:30,93.0
2026-03-04 10:54:40,92.8
2026-03-04 10:54:50,93.7
2026-03-04 10:55:00,93.8
2026-03-04 10:55:10,94.0
2026-03-04 10:55:20,94.6
2026-03-04 10:55:30,95.2
2026-03-04 10:55:40,95.4
2026-03-04 10:55:50,96.5
2026-03-04 10:56:00,95.5
2026-03-04 10:56:10,94.9
2026-03-04 10:56:20,94.2
2026-03-04 10:56:30,95.0
2026-03-04 10:56:40,91.9
2026-03-04 10:56:50,93.6
2026-03-04 10:57:00,94.5
2026-03-04 10:57:10,91.4
2026-03-04 10:57:20,90.3
2026-03-04 10:57:30,89.8
2026-03-04 10:57:40,90.5
2026-03-04 10:57:50,89.5
2026-03-04 10:58:00,89.8
2026-03-04 10:58:10,88.7
2026-03-04 10:58:20,89.0
2026-03-04 10:58:30,90.8
2026-03-04 10:58:40,90.1
2026-03-04 10:58:50,89.0
2026-03-04 10:59:00,88.4
2026-03-04 10:59:10,88.9
2026-03-04 10:59:20,89.8
2026-03-04 10:59:30,90.0
2026-03-04 10:59:40,89.9
2026-03-04 10:59:50,92.7
2026-03-04 11:00:00,91.8
2026-03-04 11:00:10,91.5
2026-03-04 11:00:20,90.8
2026-03-04 11:00:30,91.5
2026-03-04 11:00:40,90.5
2026-03-04 11:00:50,89.9
2026-03-04 11:01:00,90.3
2026-03-04 11:01:10,91.4
2026-03-04 11:01:20,91.8
2026-03-04 11:01:30,92.7
2026-03-04 11:01:40,93.0
2026-03-04 11:01:50,94.3
2026-03-04 11:02:00,95.4
2026-03-04 11:02:10,96.0
2026-03-04 11:02:20,97.7
2026-03-04 11:02:30,99.3
2026-03-04 11:02:40,101.9
2026-03-04 11:02:50,102.1
2026-03-04 11:03:00,104.0
2026-03-04 11:03:10,105.7
2026-03-04 11:03:20,107.5
2026-03-04 11:03:30,110.0
2026-03-04 11:03:40,110.1
2026-03-04 11:03:50,113.0
2026-03-04 11:04:00,114.0
2026-03-04 11:04:10,115.0
2026-03-04 11:04:20,115.9
2026-03-04 11:04:30,116.0
2026-03-04 11:04:40,117.7
2026-03-04 11:04:50,117.3
2026-03-04 11:05:00,118.1
2026-03-04 11:05:10,118.5
2026-03-04 11:05:20,118.8
2026-03-04 11:05:30,118.5
2026-03-04 11:05:40,120.7
2026-03-04 11:05:50,121.7
2026-03-04 11:06:00,122.5
2026-03-04 11:06:10,121.1
2026-03-04 11:06:20,121.4
2026-03-04 11:06:30,120.9
2026-03-04 11:06:40,121.0
2026-03-04 11:06:50,120.6
2026-03-04 11:07:00,119.1
2026-03-04 11:07:10,118.6
2026-03-04 11:07:20,118.9
2026-03-04 11:07:30,119.0
2026-03-04 11:07:40,118.7
2026-03-04 11:07:50,119.4
2026-03-04 11:08:00,119.1
2026-03-04 11:08:10,119.9
2026-03-04 11:08:20,119.9
2026-03-04 11:08:30,119.7
2026-03-04 11:08:40,121.1
2026-03-04 11:08:50,120.0
2026-03-04 11:09:00,121.8
2026-03-04 11:09:10,123.3
2026-03-04 11:09:20,124.1
2026-03-04 11:09:30,124.4
2026-03-04 11:09:40,124.0
2026-03-04 11:09:50,125.1
2026-03-04 11:10:00,124.0
2026-03-04 11:10:10,124.1
2026-03-04 11:10:20,125.5
2026-03-04 11:10:30,125.4
2026-03-04 11:10:40,125.7
2026-03-04 11:10:50,124.8
2026-03-04 11:11:00,123.9
2026-03-04 11:11:10,124.9
2026-03-04 11:11:20,124.2
2026-03-04 11:11:30,123.4
2026-03-04 11:11:40,122.1
2026-03-04 11:11:50,121.6
2026-03-04 11:12:00,121.7
2026-03-04 11:12:10,121.4
2026-03-04 11:12:20,122.2
2026-03-04 11:12:30,121.5
2026-03-04 11:12:40,129.2
2026-03-04 11:12:50,128.5
2026-03-04 11:13:00,124.5
2026-03-04 11:13:10,124.4
2026-03-04 11:13:20,125.3
2026-03-04 11:13:30,126.4
2026-03-04 11:13:40,127.7
2026-03-04 11:13:50,127.6
2026-03-04 11:14:00,127.0
2026-03-04 11:14:10,127.7
2026-03-04 11:14:20,126.7
2026-03-04 11:14:30,124.9
2026-03-04 11:14:40,126.3
2026-03-04 11:14:50,124.7
2026-03-04 11:15:00,124.9
2026-03-04 11:15:10,122.9
2026-03-04 11:15:20,122.9
2026-03-04 11:15:30,121.8
2026-03-04 11:15:40,123.4
2026-03-04 11:15:50,122.8
2026-03-04 11:16:00,121.3
2026-03-04 11:16:10,121.3
2026-03-04 11:16:20,120.6
2026-03-04 11:16:30,119.8
2026-03-04 11:16:40,119.6
2026-03-04 11:16:50,118.2
2026-03-04 11:17:00,118.8
2026-03-04 11:17:10,118.3
2026-03-04 11:17:20,117.9
2026-03-04 11:17:30,118.1
2026-03-04 11:17:40,117.5
2026-03-04 11:17:50,116.9
2026-03-04 11:18:00,116.6
2026-03-04 11:18:10,117.3
2026-03-04 11:18:20,117.3
2026-03-04 11:18:30,118.6
2026-03-04 11:18:40,118.8
2026-03-04 11:18:50,118.9
2026-03-04 11:19:00,120.1
2026-03-04 11:19:10,119.8
2026-03-04 11:19:20,119.6
2026-03-04 11:19:30,120.4
2026-03-04 11:19:40,120.5
2026-03-04 11:19:50,121.1
2026-03-04 11:20:00,119.9
2026-03-04 11:20:10,120.5
2026-03-04 11:20:20,122.2
2026-03-04 11:20:30,121.0
2026-03-04 11:20:40,119.1
2026-03-04 11:20:50,119.0
2026-03-04 11:21:00,118.6
2026-03-04 11:21:10,118.0
2026-03-04 11:21:20,119.2
2026-03-04 11:21:30,118.2
2026-03-04 11:21:40,117.7
2026-03-04 11:21:50,119.0
2026-03-04 11:22:00,118.4
2026-03-04 11:22:10,118.5
2026-03-04 11:22:20,118.2
2026-03-04 11:22:30,117.9
2026-03-04 11:22:40,116.9
2026-03-04 11:22:50,116.9
2026-03-04 11:23:00,117.3
2026-03-04 11:23:10,116.2
2026-03-04 11:23:20,114.8
2026-03-04 11:23:30,116.2
2026-03-04 11:23:40,115.3
2026-03-04 11:23:50,116.6
2026-03-04 11:24:00,119.0
2026-03-04 11:24:10,118.6
2026-03-04 11:24:20,118.2
2026-03-04 11:24:30,116.8
2026-03-04 11:24:40,118.1
2026-03-04 11:24:50,117.8
2026-03-04 11:25:00,117.0
2026-03-04 11:25:10,117.5
2026-03-04 11:25:20,117.3
2026-03-04 11:25:30,118.3
2026-03-04 11:25:40,118.3
2026-03-04 11:25:50,118.2
2026-03-04 11:26:00,119.9
2026-03-04 11:26:10,117.9
2026-03-04 11:26:20,118.2
2026-03-04 11:26:30,117.5
2026-03-04 11:26:40,117.9
2026-03-04 11:26:50,117.3
2026-03-04 11:27:00,118.6
2026-03-04 11:27:10,118.1
2026-03-04 11:27:20,117.9
2026-03-04 11:27:30,121.2
2026-03-04 11:27:40,125.3
2026-03-04 11:27:50,129.6
2026-03-04 11:28:00,133.4
2026-03-04 11:28:10,136.1
2026-03-04 11:28:20,139.3
2026-03-04 11:28:30,140.6
2026-03-04 11:28:40,142.2
2026-03-04 11:28:50,141.9
2026-03-04 11:29:00,140.7
2026-03-04 11:29:10,139.3
2026-03-04 11:29:20,138.7
2026-03-04 11:29:30,137.9
2026-03-04 11:29:40,135.6
2026-03-04 11:29:50,135.0
2026-03-04 11:30:00,132.2
2026-03-04 11:30:10,131.8
2026-03-04 11:30:20,129.4
2026-03-04 11:30:30,129.8
2026-03-04 11:30:40,130.5
2026-03-04 11:30:50,130.1
2026-03-04 11:31:00,128.8
2026-03-04 11:31:10,128.8
2026-03-04 11:31:20,128.4
2026-03-04 11:31:30,128.0
2026-03-04 11:31:40,127.1
2026-03-04 11:31:50,126.2
2026-03-04 11:32:00,127.1
2026-03-04 11:32:10,126.8
2026-03-04 11:32:20,126.6
2026-03-04 11:32:30,125.4
2026-03-04 11:32:40,125.3
2026-03-04 11:32:50,124.8
2026-03-04 11:33:00,125.2
2026-03-04 11:33:10,123.8
2026-03-04 11:33:20,129.4
2026-03-04 11:33:30,123.1
2026-03-04 11:33:40,123.5
2026-03-04 11:33:50,123.6
2026-03-04 11:34:00,123.6
2026-03-04 11:34:10,123.4
2026-03-04 11:34:20,121.7
2026-03-04 11:34:30,121.5
2026-03-04 11:34:40,121.9
2026-03-04 11:34:50,120.9
2026-03-04 11:35:00,120.5
2026-03-04 11:35:10,119.3
2026-03-04 11:35:20,118.5
2026-03-04 11:35:30,118.1
2026-03-04 11:35:40,117.3
2026-03-04 11:35:50,116.7
2026-03-04 11:36:00,115.6
2026-03-04 11:36:10,115.9
2026-03-04 11:36:20,114.9
2026-03-04 11:36:30,116.1
2026-03-04 11:36:40,113.8
2026-03-04 11:36:50,113.8
2026-03-04 11:37:00,112.5
2026-03-04 11:37:10,112.8
2026-03-04 11:37:20,110.6
2026-03-04 11:37:30,110.8
2026-03-04 11:37:40,111.1
2026-03-04 11:37:50,108.1
2026-03-04 11:38:00,108.8
2026-03-04 11:38:10,108.4
2026-03-04 11:38:20,107.7
2026-03-04 11:38:30,108.0
2026-03-04 11:38:40,107.9
2026-03-04 11:38:50,108.5
2026-03-04 11:39:00,108.7
2026-03-04 11:39:10,107.0
2026-03-04 11:39:20,106.7
2026-03-04 11:39:30,107.6
2026-03-04 11:39:40,106.9
2026-03-04 11:39:50,104.2
2026-03-04 11:40:00,103.2
2026-03-04 11:40:10,102.4
2026-03-04 11:40:20,102.4
2026-03-04 11:40:30,102.5
2026-03-04 11:40:40,102.9
2026-03-04 11:40:50,101.4
2026-03-04 11:41:00,101.2
2026-03-04 11:41:10,99.2
2026-03-04 11:41:20,97.5
2026-03-04 11:41:30,98.6
2026-03-04 11:41:40,98.9
2026-03-04 11:41:50,99.2
2026-03-04 11:42:00,97.7
2026-03-04 11:42:10,97.4
2026-03-04 11:42:20,98.1
2026-03-04 11:42:30,97.6
2026-03-04 11:42:40,97.5
2026-03-04 11:42:50,98.5
2026-03-04 11:43:00,98.9
2026-03-04 11:43:10,96.1
2026-03-04 11:43:20,95.4
2026-03-04 11:43:30,97.0
2026-03-04 11:43:40,95.0
2026-03-04 11:43:50,96.2
2026-03-04 11:44:00,94.9
2026-03-04 11:44:10,96.1
2026-03-04 11:44:20,96.9
2026-03-04 11:44:30,96.4
2026-03-04 11:44:40,95.7
2026-03-04 11:44:50,93.9
2026-03-04 11:45:00,92.9
2026-03-04 11:45:10,94.1
2026-03-04 11:45:20,93.8
2026-03-04 11:45:30,92.2
2026-03-04 11:45:40,92.6
2026-03-04 11:45:50,92.6
2026-03-04 11:46:00,92.0
2026-03-04 11:46:10,91.6
2026-03-04 11:46:20,91.4
2026-03-04 11:46:30,91.2
2026-03-04 11:46:40,93.1
2026-03-04 11:46:50,91.8
2026-03-04 11:47:00,90.2
2026-03-04 11:47:10,91.0
2026-03-04 11:47:20,89.9
2026-03-04 11:47:30,90.1
2026-03-04 11:47:40,91.4
2026-03-04 11:47:50,91.0
2026-03-04 11:48:00,89.7
2026-03-04 11:48:10,88.9
2026-03-04 11:48:20,89.5
2026-03-04 11:48:30,90.1
2026-03-04 11:48:40,90.5
2026-03-04 11:48:50,88.8
2026-03-04 11:49:00,89.6
2026-03-04 11:49:10,87.9
2026-03-04 11:49:20,87.7
2026-03-04 11:49:30,88.1
2026-03-04 11:49:40,87.6
2026-03-04 11:49:50,87.3
2026-03-04 11:50:00,86.7
2026-03-04 11:50:10,85.3
2026-03-04 11:50:20,85.1
2026-03-04 11:50:30,83.8
2026-03-04 11:50:40,83.5
2026-03-04 11:50:50,85.3
2026-03-04 11:51:00,83.6
2026-03-04 11:51:10,84.0
2026-03-04 11:51:20,83.1
2026-03-04 11:51:30,83.0
2026-03-04 11:51:40,81.9
2026-03-04 11:51:50,79.9
2026-03-04 11:52:00,79.7
2026-03-04 11:52:10,78.0
2026-03-04 11:52:20,79.8
2026-03-04 11:52:30,81.5
2026-03-04 11:52:40,79.8
2026-03-04 11:52:50,81.2
2026-03-04 11:53:00,81.0
2026-03-04 11:53:10,81.0
2026-03-04 11:53:20,81.8
2026-03-04 11:53:30,79.6
2026-03-04 11:53:40,80.2
2026-03-04 11:53:50,78.9
2026-03-04 11:54:00,78.2
2026-03-04 11:54:10,77.3
2026-03-04 11:54:20,78.2
2026-03-04 11:54:30,80.4
2026-03-04 11:54:40,80.2
2026-03-04 11:54:50,78.8
2026-03-04 11:55:00,80.2
2026-03-04 11:55:10,78.8
2026-03-04 11:55:20,79.5
2026-03-04 11:55:30,77.5
2026-03-04 11:55:40,77.0
2026-03-04 11:55:50,75.3
2026-03-04 11:56:00,76.0
2026-03-04 11:56:10,76.5
2026-03-04 11:56:20,76.6
2026-03-04 11:56:30,75.9
2026-03-04 11:56:40,76.6
2026-03-04 11:56:50,76.8
2026-03-04 11:57:00,75.5
2026-03-04 11:57:10,75.1
2026-03-04 11:57:20,75.6
2026-03-04 11:57:30,74.4
2026-03-04 11:57:40,76.1
2026-03-04 11:57:50,75.7
2026-03-04 11:58:00,76.2
2026-03-04 11:58:10,77.2
2026-03-04 11:58:20,76.8
2026-03-04 11:58:30,75.8
2026-03-04 11:58:40,76.6
2026-03-04 11:58:50,76.5
2026-03-04 11:59:00,77.3
2026-03-04 11:59:10,76.9
2026-03-04 11:59:20,76.2
2026-03-04 11:59:30,76.0
2026-03-04 11:59:40,76.1
2026-03-04 11:59:50,76.9
2026-03-04 12:00:00,76.6
2026-03-04 12:00:10,77.0
2026-03-04 12:00:20,76.0
2026-03-04 12:00:30,75.9
2026-03-04 12:00:40,74.4
2026-03-04 12:00:50,75.5
2026-03-04 12:01:00,76.9
2026-03-04 12:01:10,77.1
2026-03-04 12:01:20,75.6
2026-03-04 12:01:30,77.5
2026-03-04 12:01:40,75.8
2026-03-04 12:01:50,76.5
2026-03-04 12:02:00,76.2
2026-03-04 12:02:10,77.4
2026-03-04 12:02:20,77.1
2026-03-04 12:02:30,76.8
2026-03-04 12:02:40,76.9
2026-03-04 12:02:50,77.9
2026-03-04 12:03:00,78.1
2026-03-04 12:03:10,77.2
2026-03-04 12:03:20,79.2
2026-03-04 12:03:30,77.9
2026-03-04 12:03:40,79.1
2026-03-04 12:03:50,78.7
2026-03-04 12:04:00,78.7
2026-03-04 12:04:10,78.6
2026-03-04 12:04:20,76.5
2026-03-04 12:04:30,76.8
2026-03-04 12:04:40,75.0
2026-03-04 12:04:50,74.2
2026-03-04 12:05:00,75.1
2026-03-04 12:05:10,75.6
2026-03-04 12:05:20,76.2
2026-03-04 12:05:30,75.9
2026-03-04 12:05:40,76.0
2026-03-04 12:05:50,77.0
2026-03-04 12:06:00,77.6
2026-03-04 12:06:10,77.2
2026-03-04 12:06:20,76.5
2026-03-04 12:06:30,76.7
2026-03-04 12:06:40,76.8
2026-03-04 12:06:50,74.3
2026-03-04 12:07:00,75.7
2026-03-04 12:07:10,74.9
2026-03-04 12:07:20,74.4
2026-03-04 12:07:30,75.8
2026-03-04 12:07:40,76.9
2026-03-04 12:07:50,77.3
2026-03-04 12:08:00,78.0
2026-03-04 12:08:10,77.2
2026-03-04 12:08:20,78.5
2026-03-04 12:08:30,77.7
2026-03-04 12:08:40,77.2
2026-03-04 12:08:50,77.2
2026-03-04 12:09:00,75.9
2026-03-04 12:09:10,75.7
2026-03-04 12:09:20,77.5
2026-03-04 12:09:30,77.8
2026-03-04 12:09:40,77.9
2026-03-04 12:09:50,78.5
2026-03-04 12:10:00,79.2
2026-03-04 12:10:10,80.0
2026-03-04 12:10:20,79.9
2026-03-04 12:10:30,80.2
2026-03-04 12:10:40,80.4
2026-03-04 12:10:50,83.0
2026-03-04 12:11:00,84.2
2026-03-04 12:11:10,85.0
2026-03-04 12:11:20,86.0
2026-03-04 12:11:30,87.8
2026-03-04 12:11:40,88.1
2026-03-04 12:11:50,88.2
2026-03-04 12:12:00,89.0
2026-03-04 12:12:10,90.3
2026-03-04 12:12:20,90.0
2026-03-04 12:12:30,89.2
2026-03-04 12:12:40,88.5
2026-03-04 12:12:50,88.4
2026-03-04 12:13:00,87.7
2026-03-04 12:13:10,88.4
2026-03-04 12:13:20,88.5
2026-03-04 12:13:30,90.1
2026-03-04 12:13:40,91.0
2026-03-04 12:13:50,91.4
2026-03-04 12:14:00,91.5
2026-03-04 12:14:10,95.7
2026-03-04 12:14:20,91.9
2026-03-04 12:14:30,93.0
2026-03-04 12:14:40,93.3
2026-03-04 12:14:50,91.7
2026-03-04 12:15:00,93.1
2026-03-04 12:15:10,92.6
2026-03-04 12:15:20,93.0
2026-03-04 12:15:30,92.5
2026-03-04 12:15:40,92.4
2026-03-04 12:15:50,94.4
2026-03-04 12:16:00,95.2
2026-03-04 12:16:10,94.8
2026-03-04 12:16:20,93.4
2026-03-04 12:16:30,94.4
2026-03-04 12:16:40,93.0
2026-03-04 12:16:50,94.3
2026-03-04 12:17:00,93.9
2026-03-04 12:17:10,91.6
2026-03-04 12:17:20,92.8
2026-03-04 12:17:30,93.5
2026-03-04 12:17:40,94.2
2026-03-04 12:17:50,93.3
2026-03-04 12:18:00,91.1
2026-03-04 12:18:10,90.5
2026-03-04 12:18:20,92.4
2026-03-04 12:18:30,93.3
2026-03-04 12:18:40,91.8
2026-03-04 12:18:50,91.2
2026-03-04 12:19:00,92.4
2026-03-04 12:19:10,92.1
2026-03-04 12:19:20,91.5
2026-03-04 12:19:30,92.9
2026-03-04 12:19:40,90.8
2026-03-04 12:19:50,92.2
2026-03-04 12:20:00,91.0
2026-03-04 12:20:10,89.3
2026-03-04 12:20:20,90.3
2026-03-04 12:20:30,89.5
2026-03-04 12:20:40,88.8
2026-03-04 12:20:50,87.4
2026-03-04 12:21:00,86.3
2026-03-04 12:21:10,84.5
2026-03-04 12:21:20,83.6
2026-03-04 12:21:30,81.4
2026-03-04 12:21:40,81.7
2026-03-04 12:21:50,80.2
2026-03-04 12:22:00,80.7
2026-03-04 12:22:10,79.2
2026-03-04 12:22:20,79.6
2026-03-04 12:22:30,79.4
2026-03-04 12:22:40,78.5
2026-03-04 12:22:50,78.2
2026-03-04 12:23:00,79.9
2026-03-04 12:23:10,78.0
2026-03-04 12:23:20,78.6
2026-03-04 12:23:30,78.1
2026-03-04 12:23:40,78.0
2026-03-04 12:23:50,77.4
2026-03-04 12:24:00,75.9
2026-03-04 12:24:10,75.7
2026-03-04 12:24:20,76.1
2026-03-04 12:24:30,75.7
2026-03-04 12:24:40,77.3
2026-03-04 12:24:50,76.9
2026-03-04 12:25:00,78.1
2026-03-04 12:25:10,76.6
2026-03-04 12:25:20,76.3
2026-03-04 12:25:30,76.3
2026-03-04 12:25:40,76.3
2026-03-04 12:25:50,76.7
2026-03-04 12:26:00,75.9
2026-03-04 12:26:10,76.4
2026-03-04 12:26:20,75.5
2026-03-04 12:26:30,76.6
2026-03-04 12:26:40,75.8
2026-03-04 12:26:50,77.2
2026-03-04 12:27:00,76.4
2026-03-04 12:27:10,76.3
2026-03-04 12:27:20,74.7
2026-03-04 12:27:30,75.7
2026-03-04 12:27:40,74.1
2026-03-04 12:27:50,75.9
2026-03-04 12:28:00,76.8
2026-03-04 12:28:10,75.7
2026-03-04 12:28:20,75.7
2026-03-04 12:28:30,77.2
2026-03-04 12:28:40,77.2
2026-03-04 12:28:50,77.7
2026-03-04 12:29:00,75.2
2026-03-04 12:29:10,76.1
2026-03-04 12:29:20,77.5
2026-03-04 12:29:30,76.1
2026-03-04 12:29:40,77.7
2026-03-04 12:29:50,76.5
2026-03-04 12:30:00,76.8
2026-03-04 12:30:10,78.8
2026-03-04 12:30:20,76.7
2026-03-04 12:30:30,76.5
2026-03-04 12:30:40,76.9
2026-03-04 12:30:50,77.6
2026-03-04 12:31:00,76.8
2026-03-04 12:31:10,78.6
2026-03-04 12:31:20,77.6
2026-03-04 12:31:30,79.2
2026-03-04 12:31:40,78.3
2026-03-04 12:31:50,76.7
2026-03-04 12:32:00,74.8
2026-03-04 12:32:10,78.0
2026-03-04 12:32:20,77.4
2026-03-04 12:32:30,76.6
2026-03-04 12:32:40,76.7
2026-03-04 12:32:50,77.8
2026-03-04 12:33:00,77.6
2026-03-04 12:33:10,77.5
2026-03-04 12:33:20,77.5
2026-03-04 12:33:30,78.0
2026-03-04 12:33:40,77.0
2026-03-04 12:33:50,75.7
2026-03-04 12:34:00,75.0
2026-03-04 12:34:10,76.9
2026-03-04 12:34:20,78.1
2026-03-04 12:34:30,77.9
2026-03-04 12:34:40,79.0
2026-03-04 12:34:50,79.0
2026-03-04 12:35:00,79.3
2026-03-04 12:35:10,79.4
2026-03-04 12:35:20,80.0
2026-03-04 12:35:30,79.8
2026-03-04 12:35:40,80.1
2026-03-04 12:35:50,79.6
2026-03-04 12:36:00,80.4
2026-03-04 12:36:10,78.9
2026-03-04 12:36:20,79.4
2026-03-04 12:36:30,79.6
2026-03-04 12:36:40,79.3
2026-03-04 12:36:50,80.6
2026-03-04 12:37:00,80.3
2026-03-04 12:37:10,80.7
2026-03-04 12:37:20,81.2
2026-03-04 12:37:30,81.0
2026-03-04 12:37:40,81.1
2026-03-04 12:37:50,79.9
2026-03-04 12:38:00,79.4
2026-03-04 12:38:10,81.8
2026-03-04 12:38:20,81.0
2026-03-04 12:38:30,81.0
2026-03-04 12:38:40,80.0
2026-03-04 12:38:50,79.8
2026-03-04 12:39:00,81.1
2026-03-04 12:39:10,81.1
2026-03-04 12:39:20,81.2
2026-03-04 12:39:30,80.8
2026-03-04 12:39:40,80.5
2026-03-04 12:39:50,81.5
2026-03-04 12:40:00,81.0
2026-03-04 12:40:10,81.9
2026-03-04 12:40:20,81.6
2026-03-04 12:40:30,81.5
2026-03-04 12:40:40,81.6
2026-03-04 12:40:50,81.9
2026-03-04 12:41:00,83.6
2026-03-04 12:41:10,82.8
2026-03-04 12:41:20,82.3
2026-03-04 12:41:30,81.8
2026-03-04 12:41:40,82.1
2026-03-04 12:41:50,81.8
2026-03-04 12:42:00,82.1
2026-03-04 12:42:10,82.7
2026-03-04 12:42:20,82.6
2026-03-04 12:42:30,83.3
2026-03-04 12:42:40,84.4
2026-03-04 12:42:50,82.8
2026-03-04 12:43:00,83.3
2026-03-04 12:43:10,84.0
2026-03-04 12:43:20,85.7
2026-03-04 12:43:30,84.6
2026-03-04 12:43:40,84.9
2026-03-04 12:43:50,84.6
2026-03-04 12:44:00,84.6
2026-03-04 12:44:10,85.3
2026-03-04 12:44:20,85.6
2026-03-04 12:44:30,85.2
2026-03-04 12:44:40,84.6
2026-03-04 12:44:50,85.0
2026-03-04 12:45:00,83.5
2026-03-04 12:45:10,83.4
2026-03-04 12:45:20,84.7
2026-03-04 12:45:30,83.5
2026-03-04 12:45:40,82.3
2026-03-04 12:45:50,82.2
2026-03-04 12:46:00,82.0
2026-03-04 12:46:10,82.4
2026-03-04 12:46:20,84.3
2026-03-04 12:46:30,83.4
2026-03-04 12:46:40,83.7
2026-03-04 12:46:50,84.8
2026-03-04 12:47:00,83.0
2026-03-04 12:47:10,83.6
2026-03-04 12:47:20,84.0
2026-03-04 12:47:30,83.2
2026-03-04 12:47:40,84.0
2026-03-04 12:47:50,84.7
2026-03-04 12:48:00,85.6
2026-03-04 12:48:10,86.0
2026-03-04 12:48:20,85.1
2026-03-04 12:48:30,85.6
2026-03-04 12:48:40,86.6
2026-03-04 12:48:50,86.3
2026-03-04 12:49:00,86.6
2026-03-04 12:49:10,87.3
2026-03-04 12:49:20,87.3
2026-03-04 12:49:30,85.9
2026-03-04 12:49:40,86.4
2026-03-04 12:49:50,86.6
2026-03-04 12:50:00,85.6
2026-03-04 12:50:10,85.9
2026-03-04 12:50:20,86.2
2026-03-04 12:50:30,85.4
2026-03-04 12:50:40,87.3
2026-03-04 12:50:50,86.7
2026-03-04 12:51:00,89.4
2026-03-04 12:51:10,90.0
2026-03-04 12:51:20,89.5
2026-03-04 12:51:30,89.6
2026-03-04 12:51:40,88.0
2026-03-04 12:51:50,89.4
2026-03-04 12:52:00,90.8
2026-03-04 12:52:10,91.2
2026-03-04 12:52:20,90.9
2026-03-04 12:52:30,91.4
2026-03-04 12:52:40,92.2
2026-03-04 12:52:50,92.1
2026-03-04 12:53:00,91.9
2026-03-04 12:53:10,94.0
2026-03-04 12:53:20,92.9
2026-03-04 12:53:30,93.6
2026-03-04 12:53:40,91.5
2026-03-04 12:53:50,92.5
2026-03-04 12:54:00,93.0
2026-03-04 12:54:10,93.1
2026-03-04 12:54:20,93.3
2026-03-04 12:54:30,91.8
2026-03-04 12:54:40,92.5
2026-03-04 12:54:50,93.1
2026-03-04 12:55:00,92.1
2026-03-04 12:55:10,93.1
2026-03-04 12:55:20,91.6
2026-03-04 12:55:30,92.3
2026-03-04 12:55:40,91.8
2026-03-04 12:55:50,92.3
2026-03-04 12:56:00,92.7
2026-03-04 12:56:10,91.8
2026-03-04 12:56:20,91.7
2026-03-04 12:56:30,91.0
2026-03-04 12:56:40,89.8
2026-03-04 12:56:50,89.2
2026-03-04 12:57:00,89.4
2026-03-04 12:57:10,89.9
2026-03-04 12:57:20,89.2
2026-03-04 12:57:30,89.6
2026-03-04 12:57:40,86.6
2026-03-04 12:57:50,86.9
2026-03-04 12:58:00,87.2
2026-03-04 12:58:10,85.0
2026-03-04 12:58:20,85.8
2026-03-04 12:58:30,82.6
2026-03-04 12:58:40,82.6
2026-03-04 12:58:50,82.0
2026-03-04 12:59:00,80.9
2026-03-04 12:59:10,80.2
2026-03-04 12:59:20,81.7
2026-03-04 12:59:30,80.9
2026-03-04 12:59:40,80.6
2026-03-04 12:59:50,80.1
2026-03-04 13:00:00,78.9
2026-03-04 13:00:10,80.2
2026-03-04 13:00:20,79.6
2026-03-04 13:00:30,80.2
2026-03-04 13:00:40,81.2
2026-03-04 13:00:50,79.3
2026-03-04 13:01:00,79.8
2026-03-04 13:01:10,77.0
2026-03-04 13:01:20,77.4
2026-03-04 13:01:30,78.1
2026-03-04 13:01:40,76.4
2026-03-04 13:01:50,77.9
2026-03-04 13:02:00,79.4
2026-03-04 13:02:10,78.9
2026-03-04 13:02:20,80.6
2026-03-04 13:02:30,79.4
2026-03-04 13:02:40,79.4
2026-03-04 13:02:50,81.6
2026-03-04 13:03:00,80.1
2026-03-04 13:03:10,74.2
2026-03-04 13:03:20,79.6
2026-03-04 13:03:30,79.9
2026-03-04 13:03:40,79.9
2026-03-04 13:03:50,79.2
2026-03-04 13:04:00,79.7
2026-03-04 13:04:10,77.4
2026-03-04 13:04:20,79.6
2026-03-04 13:04:30,79.4
2026-03-04 13:04:40,79.6
2026-03-04 13:04:50,78.3
2026-03-04 13:05:00,78.8
2026-03-04 13:05:10,80.2
2026-03-04 13:05:20,78.7
2026-03-04 13:05:30,80.7
2026-03-04 13:05:40,80.6
2026-03-04 13:05:50,79.6
2026-03-04 13:06:00,77.8
2026-03-04 13:06:10,77.3
2026-03-04 13:06:20,77.9
2026-03-04 13:06:30,76.8
2026-03-04 13:06:40,77.1
2026-03-04 13:06:50,77.5
2026-03-04 13:07:00,76.6
2026-03-04 13:07:10,76.6
2026-03-04 13:07:20,77.3
2026-03-04 13:07:30,77.7
2026-03-04 13:07:40,78.7
2026-03-04 13:07:50,77.9
2026-03-04 13:08:00,76.6
2026-03-04 13:08:10,76.8
2026-03-04 13:08:20,75.6
2026-03-04 13:08:30,75.6
2026-03-04 13:08:40,74.8
2026-03-04 13:08:50,75.9
2026-03-04 13:09:00,75.3
2026-03-04 13:09:10,76.7
2026-03-04 13:09:20,77.9
2026-03-04 13:09:30,78.3
2026-03-04 13:09:40,76.9
2026-03-04 13:09:50,77.9
2026-03-04 13:10:00,76.5
2026-03-04 13:10:10,76.7
2026-03-04 13:10:20,76.9
2026-03-04 13:10:30,78.4
2026-03-04 13:10:40,79.0
2026-03-04 13:10:50,77.6
2026-03-04 13:11:00,75.0
2026-03-04 13:11:10,78.8
2026-03-04 13:11:20,79.1
2026-03-04 13:11:30,77.3
2026-03-04 13:11:40,77.5
2026-03-04 13:11:50,76.8
2026-03-04 13:12:00,77.7
2026-03-04 13:12:10,76.5
2026-03-04 13:12:20,75.1
2026-03-04 13:12:30,75.7
2026-03-04 13:12:40,75.5
2026-03-04 13:12:50,78.3
2026-03-04 13:13:00,79.6
2026-03-04 13:13:10,79.3
2026-03-04 13:13:20,76.7
2026-03-04 13:13:30,77.2
2026-03-04 13:13:40,76.1
2026-03-04 13:13:50,75.8
2026-03-04 13:14:00,76.4
2026-03-04 13:14:10,76.2
2026-03-04 13:14:20,77.0
2026-03-04 13:14:30,77.5
2026-03-04 13:14:40,77.0
2026-03-04 13:14:50,77.2
2026-03-04 13:15:00,77.6
2026-03-04 13:15:10,76.7
2026-03-04 13:15:20,77.2
2026-03-04 13:15:30,77.5
2026-03-04 13:15:40,77.5
2026-03-04 13:15:50,75.4
2026-03-04 13:16:00,77.6
2026-03-04 13:16:10,77.3
2026-03-04 13:16:20,79.2
2026-03-04 13:16:30,78.0
2026-03-04 13:16:40,78.5
2026-03-04 13:16:50,79.0
2026-03-04 13:17:00,78.4
2026-03-04 13:17:10,77.0
2026-03-04 13:17:20,77.4
2026-03-04 13:17:30,78.2
2026-03-04 13:17:40,77.9
2026-03-04 13:17:50,79.1
2026-03-04 13:18:00,80.7
2026-03-04 13:18:10,79.9
2026-03-04 13:18:20,78.5
2026-03-04 13:18:30,78.9
2026-03-04 13:18:40,78.4
2026-03-04 13:18:50,76.4
2026-03-04 13:19:00,78.0
2026-03-04 13:19:10,78.3
2026-03-04 13:19:20,77.2
2026-03-04 13:19:30,78.0
2026-03-04 13:19:40,78.0
2026-03-04 13:19:50,77.5
2026-03-04 13:20:00,78.1
2026-03-04 13:20:10,79.8
2026-03-04 13:20:20,80.8
2026-03-04 13:20:30,77.7
2026-03-04 13:20:40,79.4
2026-03-04 13:20:50,80.0
2026-03-04 13:21:00,79.7
2026-03-04 13:21:10,80.3
2026-03-04 13:21:20,79.4
2026-03-04 13:21:30,79.8
2026-03-04 13:21:40,79.5
2026-03-04 13:21:50,79.3
2026-03-04 13:22:00,77.5
2026-03-04 13:22:10,79.5
2026-03-04 13:22:20,78.7
2026-03-04 13:22:30,78.5
2026-03-04 13:22:40,80.5
2026-03-04 13:22:50,78.5
2026-03-04 13:23:00,80.0
2026-03-04 13:23:10,80.3
2026-03-04 13:23:20,80.1
2026-03-04 13:23:30,80.7
2026-03-04 13:23:40,79.4
2026-03-04 13:23:50,78.3
2026-03-04 13:24:00,79.8
2026-03-04 13:24:10,80.4
2026-03-04 13:24:20,80.2
2026-03-04 13:24:30,80.0
2026-03-04 13:24:40,79.5
2026-03-04 13:24:50,78.7
2026-03-04 13:25:00,78.4
2026-03-04 13:25:10,78.7
2026-03-04 13:25:20,81.0
2026-03-04 13:25:30,82.9
2026-03-04 13:25:40,81.6
2026-03-04 13:25:50,81.3
2026-03-04 13:26:00,82.4
2026-03-04 13:26:10,81.0
2026-03-04 13:26:20,81.1
2026-03-04 13:26:30,81.8
2026-03-04 13:26:40,82.4
2026-03-04 13:26:50,81.4
2026-03-04 13:27:00,82.1
2026-03-04 13:27:10,83.0
2026-03-04 13:27:20,83.6
2026-03-04 13:27:30,81.9
2026-03-04 13:27:40,82.1
2026-03-04 13:27:50,82.8
2026-03-04 13:28:00,82.0
2026-03-04 13:28:10,82.0
2026-03-04 13:28:20,81.9
2026-03-04 13:28:30,83.2
2026-03-04 13:28:40,82.4
2026-03-04 13:28:50,84.2
2026-03-04 13:29:00,84.1
2026-03-04 13:29:10,81.3
2026-03-04 13:29:20,83.9
2026-03-04 13:29:30,82.2
2026-03-04 13:29:40,83.9
2026-03-04 13:29:50,82.6
2026-03-04 13:30:00,83.6
2026-03-04 13:30:10,84.7
2026-03-04 13:30:20,84.8
2026-03-04 13:30:30,84.6
2026-03-04 13:30:40,82.9
2026-03-04 13:30:50,82.4
2026-03-04 13:31:00,82.2
2026-03-04 13:31:10,83.0
2026-03-04 13:31:20,84.5
2026-03-04 13:31:30,83.9
2026-03-04 13:31:40,84.2
2026-03-04 13:31:50,85.4
2026-03-04 13:32:00,86.6
2026-03-04 13:32:10,85.3
2026-03-04 13:32:20,83.9
2026-03-04 13:32:30,84.6
2026-03-04 13:32:40,83.9
2026-03-04 13:32:50,83.7
2026-03-04 13:33:00,84.3
2026-03-04 13:33:10,83.7
2026-03-04 13:33:20,83.8
2026-03-04 13:33:30,84.3
2026-03-04 13:33:40,85.0
2026-03-04 13:33:50,85.3
2026-03-04 13:34:00,84.8
2026-03-04 13:34:10,85.8
2026-03-04 13:34:20,84.5
2026-03-04 13:34:30,84.9
2026-03-04 13:34:40,86.3
2026-03-04 13:34:50,87.1
2026-03-04 13:35:00,86.0
2026-03-04 13:35:10,85.6
2026-03-04 13:35:20,86.4
2026-03-04 13:35:30,86.1
2026-03-04 13:35:40,88.5
2026-03-04 13:35:50,90.7
2026-03-04 13:36:00,91.2
2026-03-04 13:36:10,93.4
2026-03-04 13:36:20,97.1
2026-03-04 13:36:30,97.7
2026-03-04 13:36:40,96.5
2026-03-04 13:36:50,95.0
2026-03-04 13:37:00,97.2
2026-03-04 13:37:10,98.5
2026-03-04 13:37:20,97.9
2026-03-04 13:37:30,97.9
2026-03-04 13:37:40,97.8
2026-03-04 13:37:50,97.2
2026-03-04 13:38:00,97.1
2026-03-04 13:38:10,96.3
2026-03-04 13:38:20,96.6
2026-03-04 13:38:30,94.2
2026-03-04 13:38:40,93.6
2026-03-04 13:38:50,93.4
2026-03-04 13:39:00,93.1
2026-03-04 13:39:10,93.5
2026-03-04 13:39:20,93.4
2026-03-04 13:39:30,92.9
2026-03-04 13:39:40,93.2
2026-03-04 13:39:50,92.0
2026-03-04 13:40:00,93.8
2026-03-04 13:40:10,92.0
2026-03-04 13:40:20,91.4
2026-03-04 13:40:30,90.5
2026-03-04 13:40:40,90.9
2026-03-04 13:40:50,91.1
2026-03-04 13:41:00,88.6
2026-03-04 13:41:10,88.6
2026-03-04 13:41:20,89.5
2026-03-04 13:41:30,89.0
2026-03-04 13:41:40,87.0
2026-03-04 13:41:50,87.2
2026-03-04 13:42:00,86.6
2026-03-04 13:42:10,88.4
2026-03-04 13:42:20,87.3
2026-03-04 13:42:30,87.2
2026-03-04 13:42:40,86.8
2026-03-04 13:42:50,85.9
2026-03-04 13:43:00,85.3
2026-03-04 13:43:10,86.7
2026-03-04 13:43:20,86.2
2026-03-04 13:43:30,85.5
2026-03-04 13:43:40,85.0
2026-03-04 13:43:50,84.4
2026-03-04 13:44:00,85.5
2026-03-04 13:44:10,86.4
2026-03-04 13:44:20,85.8
2026-03-04 13:44:30,84.3
2026-03-04 13:44:40,84.9
2026-03-04 13:44:50,84.9
2026-03-04 13:45:00,84.1
2026-03-04 13:45:10,83.3
2026-03-04 13:45:20,84.5
2026-03-04 13:45:30,85.6
2026-03-04 13:45:40,84.1
2026-03-04 13:45:50,82.7
2026-03-04 13:46:00,83.4
2026-03-04 13:46:10,82.9
2026-03-04 13:46:20,82.6
2026-03-04 13:46:30,83.4
2026-03-04 13:46:40,83.9
2026-03-04 13:46:50,84.1
2026-03-04 13:47:00,82.3
2026-03-04 13:47:10,83.2
2026-03-04 13:47:20,82.9
2026-03-04 13:47:30,82.4
2026-03-04 13:47:40,82.8
2026-03-04 13:47:50,81.7
2026-03-04 13:48:00,82.2
2026-03-04 13:48:10,84.4
2026-03-04 13:48:20,83.7
2026-03-04 13:48:30,82.7
2026-03-04 13:48:40,83.3
2026-03-04 13:48:50,83.4
2026-03-04 13:49:00,83.6
2026-03-04 13:49:10,81.9
2026-03-04 13:49:20,82.7
2026-03-04 13:49:30,82.1
2026-03-04 13:49:40,81.8
2026-03-04 13:49:50,82.8
2026-03-04 13:50:00,81.0
2026-03-04 13:50:10,81.5
2026-03-04 13:50:20,82.8
2026-03-04 13:50:30,80.9
2026-03-04 13:50:40,79.4
2026-03-04 13:50:50,81.4
2026-03-04 13:51:00,82.8
2026-03-04 13:51:10,83.1
2026-03-04 13:51:20,82.1
2026-03-04 13:51:30,82.8
2026-03-04 13:51:40,82.9
2026-03-04 13:51:50,82.7
2026-03-04 13:52:00,82.5
2026-03-04 13:52:10,83.0
2026-03-04 13:52:20,82.5
2026-03-04 13:52:30,82.5
2026-03-04 13:52:40,82.4
2026-03-04 13:52:50,82.4
2026-03-04 13:53:00,82.3
2026-03-04 13:53:10,82.9
2026-03-04 13:53:20,82.5
2026-03-04 13:53:30,82.6
2026-03-04 13:53:40,81.6
2026-03-04 13:53:50,80.0
2026-03-04 13:54:00,80.0
2026-03-04 13:54:10,80.5
2026-03-04 13:54:20,80.2
2026-03-04 13:54:30,82.1
2026-03-04 13:54:40,81.7
2026-03-04 13:54:50,81.3
2026-03-04 13:55:00,80.6
2026-03-04 13:55:10,82.8
2026-03-04 13:55:20,83.7
2026-03-04 13:55:30,82.2
2026-03-04 13:55:40,82.2
2026-03-04 13:55:50,82.3
2026-03-04 13:56:00,82.7
2026-03-04 13:56:10,85.2
2026-03-04 13:56:20,83.8
2026-03-04 13:56:30,84.1
2026-03-04 13:56:40,83.8
2026-03-04 13:56:50,83.8
2026-03-04 13:57:00,82.7
2026-03-04 13:57:10,82.9
2026-03-04 13:57:20,83.8
2026-03-04 13:57:30,83.4
2026-03-04 13:57:40,84.3
2026-03-04 13:57:50,84.2
2026-03-04 13:58:00,84.1
2026-03-04 13:58:10,83.1
2026-03-04 13:58:20,84.7
2026-03-04 13:58:30,84.0
2026-03-04 13:58:40,85.9
2026-03-04 13:58:50,85.6
2026-03-04 13:59:00,83.7
2026-03-04 13:59:10,84.0
2026-03-04 13:59:20,85.2
2026-03-04 13:59:30,85.1
2026-03-04 13:59:40,83.8
2026-03-04 13:59:50,81.1
2026-03-04 14:00:00,81.6
2026-03-04 14:00:10,82.9
2026-03-04 14:00:20,83.6
2026-03-04 14:00:30,83.8
2026-03-04 14:00:40,84.5
2026-03-04 14:00:50,83.9
2026-03-04 14:01:00,82.8
2026-03-04 14:01:10,82.7
2026-03-04 14:01:20,83.6
2026-03-04 14:01:30,84.0
2026-03-04 14:01:40,82.6
2026-03-04 14:01:50,82.9
2026-03-04 14:02:00,82.1
2026-03-04 14:02:10,83.8
2026-03-04 14:02:20,83.0
2026-03-04 14:02:30,82.8
2026-03-04 14:02:40,82.4
2026-03-04 14:02:50,82.4
2026-03-04 14:03:00,80.2
2026-03-04 14:03:10,80.4
2026-03-04 14:03:20,80.7
2026-03-04 14:03:30,81.0
2026-03-04 14:03:40,80.7
2026-03-04 14:03:50,80.0
2026-03-04 14:04:00,81.2
2026-03-04 14:04:10,78.6
2026-03-04 14:04:20,77.9
2026-03-04 14:04:30,79.6
2026-03-04 14:04:40,79.9
2026-03-04 14:04:50,80.7
2026-03-04 14:05:00,80.6
2026-03-04 14:05:10,79.4
2026-03-04 14:05:20,78.8
2026-03-04 14:05:30,80.5
2026-03-04 14:05:40,79.9
2026-03-04 14:05:50,79.1
2026-03-04 14:06:00,78.9
2026-03-04 14:06:10,78.8
2026-03-04 14:06:20,78.3
2026-03-04 14:06:30,78.5
2026-03-04 14:06:40,77.9
2026-03-04 14:06:50,77.0
2026-03-04 14:07:00,77.9
2026-03-04 14:07:10,77.0
2026-03-04 14:07:20,77.8
2026-03-04 14:07:30,78.8
2026-03-04 14:07:40,77.4
2026-03-04 14:07:50,78.5
2026-03-04 14:08:00,78.1
2026-03-04 14:08:10,77.5
2026-03-04 14:08:20,76.9
2026-03-04 14:08:30,76.3
2026-03-04 14:08:40,77.7
2026-03-04 14:08:50,77.4
2026-03-04 14:09:00,77.1
2026-03-04 14:09:10,76.4
2026-03-04 14:09:20,76.3
2026-03-04 14:09:30,75.4
2026-03-04 14:09:40,75.9
2026-03-04 14:09:50,76.6
2026-03-04 14:10:00,76.5
2026-03-04 14:10:10,77.3
2026-03-04 14:10:20,75.9
2026-03-04 14:10:30,75.7
2026-03-04 14:10:40,75.0
2026-03-04 14:10:50,76.6
2026-03-04 14:11:00,76.2
2026-03-04 14:11:10,77.9
2026-03-04 14:11:20,77.2
2026-03-04 14:11:30,78.2
2026-03-04 14:11:40,75.8
2026-03-04 14:11:50,77.5
2026-03-04 14:12:00,79.0
2026-03-04 14:12:10,81.6
2026-03-04 14:12:20,79.6
2026-03-04 14:12:30,79.0
2026-03-04 14:12:40,78.4
2026-03-04 14:12:50,78.7
2026-03-04 14:13:00,78.5
2026-03-04 14:13:10,79.5
2026-03-04 14:13:20,77.4
2026-03-04 14:13:30,78.5
2026-03-04 14:13:40,79.6
2026-03-04 14:13:50,79.7
2026-03-04 14:14:00,80.7
2026-03-04 14:14:10,79.4
2026-03-04 14:14:20,79.9
2026-03-04 14:14:30,79.2
2026-03-04 14:14:40,81.7
2026-03-04 14:14:50,81.4
2026-03-04 14:15:00,79.9
2026-03-04 14:15:10,79.9
2026-03-04 14:15:20,85.7
2026-03-04 14:15:30,93.1
2026-03-04 14:15:40,99.5
2026-03-04 14:15:50,105.0
2026-03-04 14:16:00,114.3
2026-03-04 14:16:10,116.0
2026-03-04 14:16:20,119.0
2026-03-04 14:16:30,121.6
2026-03-04 14:16:40,123.1
2026-03-04 14:16:50,123.2
2026-03-04 14:17:00,122.5
2026-03-04 14:17:10,119.4
2026-03-04 14:17:20,118.6
2026-03-04 14:17:30,118.2
2026-03-04 14:17:40,117.4
2026-03-04 14:17:50,117.2
2026-03-04 14:18:00,114.9
2026-03-04 14:18:10,119.2
2026-03-04 14:18:20,120.2
2026-03-04 14:18:30,120.3
2026-03-04 14:18:40,120.5
2026-03-04 14:18:50,120.7
2026-03-04 14:19:00,124.5
2026-03-04 14:19:10,119.7
2026-03-04 14:19:20,118.2
2026-03-04 14:19:30,117.2
2026-03-04 14:19:40,117.8
2026-03-04 14:19:50,118.5
2026-03-04 14:20:00,117.4
2026-03-04 14:20:10,116.8
2026-03-04 14:20:20,115.0
2026-03-04 14:20:30,115.8
2026-03-04 14:20:40,115.8
2026-03-04 14:20:50,115.1
2026-03-04 14:21:00,114.3
2026-03-04 14:21:10,114.6
2026-03-04 14:21:20,113.7
2026-03-04 14:21:30,113.7
2026-03-04 14:21:40,112.7
2026-03-04 14:21:50,111.4
2026-03-04 14:22:00,112.5
2026-03-04 14:22:10,113.4
2026-03-04 14:22:20,111.7
2026-03-04 14:22:30,111.2
2026-03-04 14:22:40,110.3
2026-03-04 14:22:50,110.1
2026-03-04 14:23:00,110.0
2026-03-04 14:23:10,110.3
2026-03-04 14:23:20,109.9
2026-03-04 14:23:30,108.9
2026-03-04 14:23:40,108.2
2026-03-04 14:23:50,106.6
2026-03-04 14:24:00,105.1
2026-03-04 14:24:10,103.4
2026-03-04 14:24:20,104.5
2026-03-04 14:24:30,104.6
2026-03-04 14:24:40,105.0
2026-03-04 14:24:50,104.4
2026-03-04 14:25:00,104.5
2026-03-04 14:25:10,102.3
2026-03-04 14:25:20,101.4
2026-03-04 14:25:30,102.3
2026-03-04 14:25:40,100.8
2026-03-04 14:25:50,100.7
2026-03-04 14:26:00,100.5
2026-03-04 14:26:10,99.0
2026-03-04 14:26:20,98.7
2026-03-04 14:26:30,96.6
2026-03-04 14:26:40,98.8
2026-03-04 14:26:50,96.8
2026-03-04 14:27:00,96.6
2026-03-04 14:27:10,97.8
2026-03-04 14:27:20,98.0
2026-03-04 14:27:30,97.8
2026-03-04 14:27:40,95.6
2026-03-04 14:27:50,96.2
2026-03-04 14:28:00,96.2
2026-03-04 14:28:10,96.6
2026-03-04 14:28:20,96.6
2026-03-04 14:28:30,96.4
2026-03-04 14:28:40,96.9
2026-03-04 14:28:50,95.2
2026-03-04 14:29:00,94.5
2026-03-04 14:29:10,95.4
2026-03-04 14:29:20,93.7
2026-03-04 14:29:30,94.3
2026-03-04 14:29:40,94.3
2026-03-04 14:29:50,94.6
2026-03-04 14:30:00,93.8
2026-03-04 14:30:10,91.1
2026-03-04 14:30:20,92.2
2026-03-04 14:30:30,91.5
2026-03-04 14:30:40,90.4
2026-03-04 14:30:50,90.4
2026-03-04 14:31:00,89.8
2026-03-04 14:31:10,88.7
2026-03-04 14:31:20,88.3
2026-03-04 14:31:30,89.3
2026-03-04 14:31:40,89.2
2026-03-04 14:31:50,89.1
2026-03-04 14:32:00,89.6
2026-03-04 14:32:10,89.6
2026-03-04 14:32:20,89.3
2026-03-04 14:32:30,89.6
2026-03-04 14:32:40,89.1
2026-03-04 14:32:50,91.2
2026-03-04 14:33:00,90.6
2026-03-04 14:33:10,87.7
2026-03-04 14:33:20,89.5
2026-03-04 14:33:30,88.8
2026-03-04 14:33:40,89.3
2026-03-04 14:33:50,90.7
2026-03-04 14:34:00,91.0
2026-03-04 14:34:10,89.2
2026-03-04 14:34:20,89.0
2026-03-04 14:34:30,87.5
2026-03-04 14:34:40,88.3
2026-03-04 14:34:50,87.2
2026-03-04 14:35:00,87.6
2026-03-04 14:35:10,89.2
2026-03-04 14:35:20,88.1
2026-03-04 14:35:30,88.0
2026-03-04 14:35:40,86.6
2026-03-04 14:35:50,87.2
2026-03-04 14:36:00,87.6
2026-03-04 14:36:10,87.9
2026-03-04 14:36:20,87.7
2026-03-04 14:36:30,86.5
2026-03-04 14:36:40,86.5
2026-03-04 14:36:50,86.4
2026-03-04 14:37:00,87.7
2026-03-04 14:37:10,86.0
2026-03-04 14:37:20,86.9
2026-03-04 14:37:30,87.8
2026-03-04 14:37:40,87.1
2026-03-04 14:37:50,85.4
2026-03-04 14:38:00,84.4
2026-03-04 14:38:10,82.9
2026-03-04 14:38:20,87.0
2026-03-04 14:38:30,84.6
2026-03-04 14:38:40,83.7
2026-03-04 14:38:50,84.5
2026-03-04 14:39:00,84.9
2026-03-04 14:39:10,85.1
2026-03-04 14:39:20,83.8
2026-03-04 14:39:30,83.7
2026-03-04 14:39:40,82.8
2026-03-04 14:39:50,81.8
2026-03-04 14:40:00,82.4
2026-03-04 14:40:10,83.4
2026-03-04 14:40:20,82.4
2026-03-04 14:40:30,83.6
2026-03-04 14:40:40,84.5
2026-03-04 14:40:50,83.8
2026-03-04 14:41:00,82.5
2026-03-04 14:41:10,
2026-03-04 14:41:20,
2026-03-04 14:41:30,82.2
2026-03-04 14:41:40,82.5
2026-03-04 14:41:50,80.6
2026-03-04 14:42:00,81.6
2026-03-04 14:42:10,81.9
2026-03-04 14:42:20,82.0
2026-03-04 14:42:30,81.8
2026-03-04 14:42:40,81.8
2026-03-04 14:42:50,81.9
2026-03-04 14:43:00,80.9
2026-03-04 14:43:10,82.7
2026-03-04 14:43:20,80.9
2026-03-04 14:43:30,82.1
2026-03-04 14:43:40,83.0
2026-03-04 14:43:50,83.1
2026-03-04 14:44:00,83.1
2026-03-04 14:44:10,82.7
2026-03-04 14:44:20,81.5
2026-03-04 14:44:30,82.8
2026-03-04 14:44:40,82.8
2026-03-04 14:44:50,81.6
2026-03-04 14:45:00,83.0
2026-03-04 14:45:10,81.3
2026-03-04 14:45:20,81.5
2026-03-04 14:45:30,81.0
2026-03-04 14:45:40,82.0
2026-03-04 14:45:50,82.8
2026-03-04 14:46:00,84.0
2026-03-04 14:46:10,83.6
2026-03-04 14:46:20,82.9
2026-03-04 14:46:30,85.8
2026-03-04 14:46:40,86.3
2026-03-04 14:46:50,85.0
2026-03-04 14:47:00,84.7
2026-03-04 14:47:10,85.1
2026-03-04 14:47:20,86.4
2026-03-04 14:47:30,83.8
2026-03-04 14:47:40,84.1
2026-03-04 14:47:50,84.3
2026-03-04 14:48:00,85.1
2026-03-04 14:48:10,85.9
2026-03-04 14:48:20,87.0
2026-03-04 14:48:30,86.9
2026-03-04 14:48:40,87.2
2026-03-04 14:48:50,88.8
2026-03-04 14:49:00,88.6
2026-03-04 14:49:10,88.3
2026-03-04 14:49:20,88.3
2026-03-04 14:49:30,87.7
2026-03-04 14:49:40,88.1
2026-03-04 14:49:50,90.0
2026-03-04 14:50:00,89.0
2026-03-04 14:50:10,89.6
2026-03-04 14:50:20,91.7
2026-03-04 14:50:30,90.9
2026-03-04 14:50:40,91.1
2026-03-04 14:50:50,90.7
2026-03-04 14:51:00,90.7
2026-03-04 14:51:10,88.6
2026-03-04 14:51:20,86.7
2026-03-04 14:51:30,88.3
2026-03-04 14:51:40,87.3
2026-03-04 14:51:50,86.5
2026-03-04 14:52:00,84.6
2026-03-04 14:52:10,83.8
2026-03-04 14:52:20,84.4
2026-03-04 14:52:30,83.2
2026-03-04 14:52:40,83.4
2026-03-04 14:52:50,83.3
2026-03-04 14:53:00,82.7
2026-03-04 14:53:10,81.7
2026-03-04 14:53:20,82.4
2026-03-04 14:53:30,82.2
2026-03-04 14:53:40,84.9
2026-03-04 14:53:50,81.1
2026-03-04 14:54:00,81.3
2026-03-04 14:54:10,78.3
2026-03-04 14:54:20,79.6
2026-03-04 14:54:30,79.6
2026-03-04 14:54:40,77.3
2026-03-04 14:54:50,78.4
2026-03-04 14:55:00,76.9
2026-03-04 14:55:10,80.3
2026-03-04 14:55:20,80.3
2026-03-04 14:55:30,79.6
2026-03-04 14:55:40,77.8
2026-03-04 14:55:50,79.2
2026-03-04 14:56:00,78.1
2026-03-04 14:56:10,77.3
2026-03-04 14:56:20,76.5
2026-03-04 14:56:30,77.4
2026-03-04 14:56:40,77.7
2026-03-04 14:56:50,77.1
2026-03-04 14:57:00,77.7
2026-03-04 14:57:10,76.5
2026-03-04 14:57:20,76.8
2026-03-04 14:57:30,76.6
2026-03-04 14:57:40,76.7
2026-03-04 14:57:50,76.2
2026-03-04 14:58:00,74.8
2026-03-04 14:58:10,75.4
2026-03-04 14:58:20,74.9
2026-03-04 14:58:30,74.9
2026-03-04 14:58:40,74.3
2026-03-04 14:58:50,73.6
2026-03-04 14:59:00,74.0
2026-03-04 14:59:10,73.4
2026-03-04 14:59:20,73.7
2026-03-04 14:59:30,73.1
2026-03-04 14:59:40,71.9
2026-03-04 14:59:50,73.4
