timestamp,steps,hr_bpm
2026-03-04 07:00:00,1,62.0
2026-03-04 07:00:10,0,60.5
2026-03-04 07:00:20,0,60.1
2026-03-04 07:00:30,0,59.4
2026-03-04 07:00:40,0,59.6
2026-03-04 07:00:50,0,58.5
2026-03-04 07:01:00,0,60.5
2026-03-04 07:01:10,0,59.7
2026-03-04 07:01:20,0,59.5
2026-03-04 07:01:30,9,58.2
2026-03-04 07:01:40,11,56.5
2026-03-04 07:01:50,10,57.2
2026-03-04 07:02:00,8,57.3
2026-03-04 07:02:10,9,58.0
2026-03-04 07:02:20,9,58.7
2026-03-04 07:02:30,9,59.6
2026-03-04 07:02:40,10,60.4
2026-03-04 07:02:50,8,62.8
2026-03-04 07:03:00,8,61.4
2026-03-04 07:03:10,8,62.8
2026-03-04 07:03:20,13,64.5
2026-03-04 07:03:30,7,65.9
2026-03-04 07:03:40,7,64.6
2026-03-04 07:03:50,11,67.0
2026-03-04 07:04:00,4,67.3
2026-03-04 07:04:10,3,67.7
2026-03-04 07:04:20,7,67.5
2026-03-04 07:04:30,7,68.7
2026-03-04 07:04:40,6,68.8
2026-03-04 07:04:50,7,66.9
2026-03-04 07:05:00,10,65.5
2026-03-04 07:05:10,2,65.1
2026-03-04 07:05:20,7,63.2
2026-03-04 07:05:30,0,63.1
2026-03-04 07:05:40,0,61.2
2026-03-04 07:05:50,2,62.5
2026-03-04 07:06:00,0,63.1
2026-03-04 07:06:10,0,62.3
2026-03-04 07:06:20,2,62.9
2026-03-04 07:06:30,4,62.5
2026-03-04 07:06:40,0,62.8
2026-03-04 07:06:50,1,64.2
2026-03-04 07:07:00,6,64.7
2026-03-04 07:07:10,9,63.9
2026-03-04 07:07:20,6,63.3
2026-03-04 07:07:30,5,63.5
2026-03-04 07:07:40,8,65.7
2026-03-04 07:07:50,7,64.9
2026-03-04 07:08:00,8,68.2
2026-03-04 07:08:10,8,68.5
2026-03-04 07:08:20,8,69.1
2026-03-04 07:08:30,7,68.7
2026-03-04 07:08:40,12,69.4
2026-03-04 07:08:50,12,69.9
2026-03-04 07:09:00,11,66.9
2026-03-04 07:09:10,6,66.2
2026-03-04 07:09:20,6,68.1
2026-03-04 07:09:30,0,68.1
2026-03-04 07:09:40,1,67.8
2026-03-04 07:09:50,0,68.6
2026-03-04 07:10:00,0,65.6
2026-03-04 07:10:10,0,68.4
2026-03-04 07:10:20,0,66.5
2026-03-04 07:10:30,0,64.1
2026-03-04 07:10:40,0,64.0
2026-03-04 07:10:50,0,63.8
2026-03-04 07:11:00,0,63.1
2026-03-04 07:11:10,0,62.9
2026-03-04 07:11:20,0,62.6
2026-03-04 07:11:30,4,62.1
2026-03-04 07:11:40,4,62.4
2026-03-04 07:11:50,5,60.5
2026-03-04 07:12:00,6,61.6
2026-03-04 07:12:10,5,62.7
2026-03-04 07:12:20,2,63.7
2026-03-04 07:12:30,3,62.7
2026-03-04 07:12:40,1,62.9
2026-03-04 07:12:50,7,66.8
2026-03-04 07:13:00,5,67.1
2026-03-04 07:13:10,4,66.2
2026-03-04 07:13:20,1,67.3
2026-03-04 07:13:30,3,66.7
2026-03-04 07:13:40,2,66.9
2026-03-04 07:13:50,8,68.5
2026-03-04 07:14:00,17,69.7
2026-03-04 07:14:10,16,70.0
2026-03-04 07:14:20,17,71.4
2026-03-04 07:14:30,17,72.6
2026-03-04 07:14:40,18,72.9
2026-03-04 07:14:50,17,74.5
2026-03-04 07:15:00,17,74.8
2026-03-04 07:15:10,16,75.6
2026-03-04 07:15:20,18,75.5
2026-03-04 07:15:30,16,76.4
2026-03-04 07:15:40,17,76.7
2026-03-04 07:15:50,16,77.6
2026-03-04 07:16:00,18,78.0
2026-03-04 07:16:10,17,77.4
2026-03-04 07:16:20,18,81.1
2026-03-04 07:16:30,18,80.5
2026-03-04 07:16:40,16,81.1
2026-03-04 07:16:50,18,82.2
2026-03-04 07:17:00,18,82.2
2026-03-04 07:17:10,17,82.9
2026-03-04 07:17:20,17,82.3
2026-03-04 07:17:30,16,83.0
2026-03-04 07:17:40,16,82.3
2026-03-04 07:17:50,17,82.2
2026-03-04 07:18:00,18,82.4
2026-03-04 07:18:10,17,84.6
2026-03-04 07:18:20,15,85.2
2026-03-04 07:18:30,17,85.8
2026-03-04 07:18:40,16,86.2
2026-03-04 07:18:50,16,85.6
2026-03-04 07:19:00,32,86.2
2026-03-04 07:19:10,28,87.4
2026-03-04 07:19:20,29,88.8
2026-03-04 07:19:30,29,90.6
2026-03-04 07:19:40,29,92.4
2026-03-04 07:19:50,29,93.5
2026-03-04 07:20:00,32,95.1
2026-03-04 07:20:10,30,97.7
2026-03-04 07:20:20,28,100.2
2026-03-04 07:20:30,30,102.5
2026-03-04 07:20:40,29,105.7
2026-03-04 07:20:50,31,106.9
2026-03-04 07:21:00,30,108.1
2026-03-04 07:21:10,31,110.7
2026-03-04 07:21:20,28,110.6
2026-03-04 07:21:30,27,112.1
2026-03-04 07:21:40,31,114.9
2026-03-04 07:21:50,30,115.0
2026-03-04 07:22:00,30,116.8
2026-03-04 07:22:10,29,119.0
2026-03-04 07:22:20,30,120.1
2026-03-04 07:22:30,28,122.2
2026-03-04 07:22:40,30,123.8
2026-03-04 07:22:50,28,124.4
2026-03-04 07:23:00,29,126.0
2026-03-04 07:23:10,27,127.2
2026-03-04 07:23:20,29,129.2
2026-03-04 07:23:30,29,130.3
2026-03-04 07:23:40,30,130.4
2026-03-04 07:23:50,29,131.4
2026-03-04 07:24:00,27,133.4
2026-03-04 07:24:10,30,134.2
2026-03-04 07:24:20,29,134.9
2026-03-04 07:24:30,28,136.3
2026-03-04 07:24:40,30,136.6
2026-03-04 07:24:50,30,139.1
2026-03-04 07:25:00,28,139.4
2026-03-04 07:25:10,29,140.6
2026-03-04 07:25:20,27,142.1
2026-03-04 07:25:30,29,141.9
2026-03-04 07:25:40,30,141.5
2026-03-04 07:25:50,29,142.9
2026-03-04 07:26:00,29,143.5
2026-03-04 07:26:10,29,143.8
2026-03-04 07:26:20,27,145.6
2026-03-04 07:26:30,30,146.5
2026-03-04 07:26:40,31,147.2
2026-03-04 07:26:50,30,146.7
2026-03-04 07:27:00,30,147.1
2026-03-04 07:27:10,27,148.0
2026-03-04 07:27:20,28,149.0
2026-03-04 07:27:30,29,148.5
2026-03-04 07:27:40,28,147.4
2026-03-04 07:27:50,27,148.2
2026-03-04 07:28:00,27,149.1
2026-03-04 07:28:10,28,149.8
2026-03-04 07:28:20,30,149.2
2026-03-04 07:28:30,30,149.0
2026-03-04 07:28:40,28,149.0
2026-03-04 07:28:50,29,148.2
2026-03-04 07:29:00,30,149.2
2026-03-04 07:29:10,31,150.0
2026-03-04 07:29:20,30,150.1
2026-03-04 07:29:30,30,150.3
2026-03-04 07:29:40,28,149.2
2026-03-04 07:29:50,29,148.9
2026-03-04 07:30:00,30,149.9
2026-03-04 07:30:10,27,150.4
2026-03-04 07:30:20,29,150.6
2026-03-04 07:30:30,28,149.5
2026-03-04 07:30:40,27,149.9
2026-03-04 07:30:50,28,150.5
2026-03-04 07:31:00,29,151.6
2026-03-04 07:31:10,30,152.3
2026-03-04 07:31:20,31,152.4
2026-03-04 07:31:30,29,152.4
2026-03-04 07:31:40,29,152.1
2026-03-04 07:31:50,28,152.5
2026-03-04 07:32:00,27,152.5
2026-03-04 07:32:10,29,152.7
2026-03-04 07:32:20,28,153.3
2026-03-04 07:32:30,30,153.7
2026-03-04 07:32:40,28,156.7
2026-03-04 07:32:50,31,159.3
2026-03-04 07:33:00,30,160.3
2026-03-04 07:33:10,31,166.7
2026-03-04 07:33:20,31,162.9
2026-03-04 07:33:30,27,164.0
2026-03-04 07:33:40,32,165.1
2026-03-04 07:33:50,29,167.1
2026-03-04 07:34:00,30,168.3
2026-03-04 07:34:10,29,168.3
2026-03-04 07:34:20,32,168.7
2026-03-04 07:34:30,31,168.2
2026-03-04 07:34:40,30,167.9
2026-03-04 07:34:50,30,167.1
2026-03-04 07:35:00,30,167.6
2026-03-04 07:35:10,30,166.9
2026-03-04 07:35:20,27,165.2
2026-03-04 07:35:30,28,164.9
2026-03-04 07:35:40,27,164.6
2026-03-04 07:35:50,27,163.9
2026-03-04 07:36:00,30,161.7
2026-03-04 07:36:10,30,160.0
2026-03-04 07:36:20,30,158.6
2026-03-04 07:36:30,28,155.9
2026-03-04 07:36:40,29,155.1
2026-03-04 07:36:50,29,154.2
2026-03-04 07:37:00,28,153.3
2026-03-04 07:37:10,29,154.2
2026-03-04 07:37:20,28,153.1
2026-03-04 07:37:30,30,153.1
2026-03-04 07:37:40,27,151.8
2026-03-04 07:37:50,30,150.1
2026-03-04 07:38:00,29,149.5
2026-03-04 07:38:10,28,150.3
2026-03-04 07:38:20,29,150.6
2026-03-04 07:38:30,29,150.3
2026-03-04 07:38:40,27,149.6
2026-03-04 07:38:50,29,150.5
2026-03-04 07:39:00,30,151.1
2026-03-04 07:39:10,29,150.4
2026-03-04 07:39:20,28,151.0
2026-03-04 07:39:30,27,151.0
2026-03-04 07:39:40,29,150.0
2026-03-04 07:39:50,29,150.3
2026-03-04 07:40:00,30,152.2
2026-03-04 07:40:10,30,152.3
2026-03-04 07:40:20,28,152.0
2026-03-04 07:40:30,32,152.7
2026-03-04 07:40:40,27,152.9
2026-03-04 07:40:50,30,154.2
2026-03-04 07:41:00,0,154.2
2026-03-04 07:41:10,0,154.4
2026-03-04 07:41:20,0,158.1
2026-03-04 07:41:30,0,159.8
2026-03-04 07:41:40,0,160.3
2026-03-04 07:41:50,0,159.4
2026-03-04 07:42:00,0,157.3
2026-03-04 07:42:10,0,153.8
2026-03-04 07:42:20,0,149.3
2026-03-04 07:42:30,28,146.6
2026-03-04 07:42:40,31,148.8
2026-03-04 07:42:50,26,150.1
2026-03-04 07:43:00,30,151.4
2026-03-04 07:43:10,30,152.5
2026-03-04 07:43:20,29,153.1
2026-03-04 07:43:30,28,154.9
2026-03-04 07:43:40,29,155.1
2026-03-04 07:43:50,29,155.0
2026-03-04 07:44:00,27,155.6
2026-03-04 07:44:10,29,155.5
2026-03-04 07:44:20,28,154.9
2026-03-04 07:44:30,28,155.0
2026-03-04 07:44:40,27,155.6
2026-03-04 07:44:50,28,153.8
2026-03-04 07:45:00,27,153.0
2026-03-04 07:45:10,28,152.3
2026-03-04 07:45:20,30,152.9
2026-03-04 07:45:30,29,151.6
2026-03-04 07:45:40,29,152.0
2026-03-04 07:45:50,31,152.4
2026-03-04 07:46:00,28,152.4
2026-03-04 07:46:10,29,152.8
2026-03-04 07:46:20,30,152.4
2026-03-04 07:46:30,26,152.9
2026-03-04 07:46:40,31,153.9
2026-03-04 07:46:50,28,154.7
2026-03-04 07:47:00,30,153.9
2026-03-04 07:47:10,28,154.3
2026-03-04 07:47:20,28,158.1
2026-03-04 07:47:30,30,155.0
2026-03-04 07:47:40,30,155.4
2026-03-04 07:47:50,32,154.7
2026-03-04 07:48:00,29,156.5
2026-03-04 07:48:10,29,157.1
2026-03-04 07:48:20,27,158.3
2026-03-04 07:48:30,31,158.9
2026-03-04 07:48:40,29,158.0
2026-03-04 07:48:50,30,157.8
2026-03-04 07:49:00,30,159.6
2026-03-04 07:49:10,28,161.5
2026-03-04 07:49:20,29,160.9
2026-03-04 07:49:30,28,161.3
2026-03-04 07:49:40,29,162.9
2026-03-04 07:49:50,29,162.9
2026-03-04 07:50:00,29,163.7
2026-03-04 07:50:10,30,164.3
2026-03-04 07:50:20,28,165.6
2026-03-04 07:50:30,28,166.3
2026-03-04 07:50:40,28,168.0
2026-03-04 07:50:50,28,168.0
2026-03-04 07:51:00,29,168.2
2026-03-04 07:51:10,29,169.3
2026-03-04 07:51:20,30,169.1
2026-03-04 07:51:30,30,170.1
2026-03-04 07:51:40,29,170.7
2026-03-04 07:51:50,29,170.8
2026-03-04 07:52:00,30,172.8
2026-03-04 07:52:10,30,172.2
2026-03-04 07:52:20,15,172.3
2026-03-04 07:52:30,16,170.3
2026-03-04 07:52:40,16,170.7
2026-03-04 07:52:50,14,168.7
2026-03-04 07:53:00,16,165.7
2026-03-04 07:53:10,17,162.1
2026-03-04 07:53:20,16,160.4
2026-03-04 07:53:30,16,157.7
2026-03-04 07:53:40,17,155.1
2026-03-04 07:53:50,17,151.9
2026-03-04 07:54:00,12,149.9
2026-03-04 07:54:10,13,148.7
2026-03-04 07:54:20,13,146.9
2026-03-04 07:54:30,14,146.4
2026-03-04 07:54:40,14,144.7
2026-03-04 07:54:50,14,144.6
2026-03-04 07:55:00,12,144.2
2026-03-04 07:55:10,12,145.8
2026-03-04 07:55:20,22,147.3
2026-03-04 07:55:30,13,150.8
2026-03-04 07:55:40,11,152.5
2026-03-04 07:55:50,14,152.1
2026-03-04 07:56:00,3,150.1
2026-03-04 07:56:10,4,147.6
2026-03-04 07:56:20,10,145.1
2026-03-04 07:56:30,3,139.1
2026-03-04 07:56:40,4,135.6
2026-03-04 07:56:50,3,132.5
2026-03-04 07:57:00,5,129.9
2026-03-04 07:57:10,5,129.7
2026-03-04 07:57:20,6,127.7
2026-03-04 07:57:30,6,125.1
2026-03-04 07:57:40,6,125.2
2026-03-04 07:57:50,6,123.4
2026-03-04 07:58:00,3,123.5
2026-03-04 07:58:10,6,122.7
2026-03-04 07:58:20,6,122.0
2026-03-04 07:58:30,4,121.5
2026-03-04 07:58:40,7,119.8
2026-03-04 07:58:50,5,120.0
2026-03-04 07:59:00,7,118.8
2026-03-04 07:59:10,2,116.9
2026-03-04 07:59:20,5,116.0
2026-03-04 07:59:30,7,113.1
2026-03-04 07:59:40,7,114.3
2026-03-04 07:59:50,6,113.7
2026-03-04 08:00:00,10,114.6
2026-03-04 08:00:10,2,114.1
2026-03-04 08:00:20,6,112.0
2026-03-04 08:00:30,3,112.0
2026-03-04 08:00:40,2,111.0
2026-03-04 08:00:50,6,109.7
2026-03-04 08:01:00,6,109.7
2026-03-04 08:01:10,6,108.5
2026-03-04 08:01:20,11,108.1
2026-03-04 08:01:30,3,106.0
2026-03-04 08:01:40,8,106.4
2026-03-04 08:01:50,6,104.8
2026-03-04 08:02:00,0,104.5
2026-03-04 08:02:10,0,105.0
2026-03-04 08:02:20,0,103.4
2026-03-04 08:02:30,0,102.2
2026-03-04 08:02:40,0,102.5
2026-03-04 08:02:50,0,101.1
2026-03-04 08:03:00,0,101.8
2026-03-04 08:03:10,0,102.0
2026-03-04 08:03:20,0,99.6
2026-03-04 08:03:30,0,99.2
2026-03-04 08:03:40,0,100.5
2026-03-04 08:03:50,0,99.8
2026-03-04 08:04:00,0,98.2
2026-03-04 08:04:10,0,96.5
2026-03-04 08:04:20,0,95.7
2026-03-04 08:04:30,0,95.9
2026-03-04 08:04:40,0,94.3
2026-03-04 08:04:50,0,95.3
2026-03-04 08:05:00,0,95.3
2026-03-04 08:05:10,0,93.9
2026-03-04 08:05:20,0,92.5
2026-03-04 08:05:30,0,93.2
2026-03-04 08:05:40,0,91.4
2026-03-04 08:05:50,0,90.3
2026-03-04 08:06:00,0,90.6
2026-03-04 08:06:10,0,90.2
2026-03-04 08:06:20,0,91.1
2026-03-04 08:06:30,0,91.2
2026-03-04 08:06:40,0,89.4
2026-03-04 08:06:50,0,89.7
2026-03-04 08:07:00,0,90.1
2026-03-04 08:07:10,0,88.2
2026-03-04 08:07:20,0,87.5
2026-03-04 08:07:30,0,86.5
2026-03-04 08:07:40,0,87.0
2026-03-04 08:07:50,0,86.0
2026-03-04 08:08:00,0,85.7
2026-03-04 08:08:10,0,86.1
2026-03-04 08:08:20,0,84.6
2026-03-04 08:08:30,0,83.6
2026-03-04 08:08:40,0,84.2
2026-03-04 08:08:50,0,83.6
2026-03-04 08:09:00,0,83.2
2026-03-04 08:09:10,2,83.3
2026-03-04 08:09:20,1,83.3
2026-03-04 08:09:30,0,82.9
2026-03-04 08:09:40,0,84.3
2026-03-04 08:09:50,0,82.9
2026-03-04 08:10:00,0,82.6
2026-03-04 08:10:10,0,82.3
2026-03-04 08:10:20,0,79.3
2026-03-04 08:10:30,0,81.2
2026-03-04 08:10:40,0,81.8
2026-03-04 08:10:50,0,80.0
2026-03-04 08:11:00,0,79.9
2026-03-04 08:11:10,0,80.1
2026-03-04 08:11:20,0,82.6
2026-03-04 08:11:30,0,80.7
2026-03-04 08:11:40,0,79.5
2026-03-04 08:11:50,0,79.3
2026-03-04 08:12:00,0,79.5
2026-03-04 08:12:10,0,78.7
2026-03-04 08:12:20,1,79.8
2026-03-04 08:12:30,0,80.0
2026-03-04 08:12:40,0,81.1
2026-03-04 08:12:50,0,77.9
2026-03-04 08:13:00,0,77.7
2026-03-04 08:13:10,0,79.1
2026-03-04 08:13:20,0,78.8
2026-03-04 08:13:30,0,79.2
2026-03-04 08:13:40,0,78.5
2026-03-04 08:13:50,0,76.3
2026-03-04 08:14:00,0,75.4
2026-03-04 08:14:10,0,77.0
2026-03-04 08:14:20,0,75.6
2026-03-04 08:14:30,0,75.9
2026-03-04 08:14:40,0,76.7
2026-03-04 08:14:50,0,76.7
2026-03-04 08:15:00,0,75.3
2026-03-04 08:15:10,2,75.6
2026-03-04 08:15:20,0,75.2
2026-03-04 08:15:30,0,75.0
2026-03-04 08:15:40,0,74.6
2026-03-04 08:15:50,0,73.2
2026-03-04 08:16:00,0,74.0
2026-03-04 08:16:10,0,75.6
2026-03-04 08:16:20,0,74.3
2026-03-04 08:16:30,0,74.3
2026-03-04 08:16:40,0,73.4
2026-03-04 08:16:50,0,73.7
2026-03-04 08:17:00,0,72.3
2026-03-04 08:17:10,0,72.5
2026-03-04 08:17:20,0,74.6
2026-03-04 08:17:30,0,74.0
2026-03-04 08:17:40,0,74.3
2026-03-04 08:17:50,0,73.5
2026-03-04 08:18:00,0,72.3
2026-03-04 08:18:10,0,72.5
2026-03-04 08:18:20,0,72.3
2026-03-04 08:18:30,0,71.7
2026-03-04 08:18:40,0,70.4
2026-03-04 08:18:50,0,71.9
2026-03-04 08:19:00,0,74.0
2026-03-04 08:19:10,0,73.9
2026-03-04 08:19:20,0,73.0
2026-03-04 08:19:30,0,72.2
2026-03-04 08:19:40,0,72.6
2026-03-04 08:19:50,0,73.5
2026-03-04 08:20:00,0,71.9
2026-03-04 08:20:10,0,72.5
2026-03-04 08:20:20,0,73.0
2026-03-04 08:20:30,1,72.4
2026-03-04 08:20:40,0,71.2
2026-03-04 08:20:50,0,72.0
2026-03-04 08:21:00,0,73.7
2026-03-04 08:21:10,0,75.4
2026-03-04 08:21:20,0,73.7
2026-03-04 08:21:30,0,73.2
2026-03-04 08:21:40,0,72.7
2026-03-04 08:21:50,0,73.9
2026-03-04 08:22:00,0,73.4
2026-03-04 08:22:10,0,72.7
2026-03-04 08:22:20,0,72.9
2026-03-04 08:22:30,0,71.6
2026-03-04 08:22:40,0,71.8
2026-03-04 08:22:50,0,72.3
2026-03-04 08:23:00,0,71.6
2026-03-04 08:23:10,0,71.1
2026-03-04 08:23:20,0,70.2
2026-03-04 08:23:30,0,70.8
2026-03-04 08:23:40,0,69.9
2026-03-04 08:23:50,0,69.8
2026-03-04 08:24:00,0,72.0
2026-03-04 08:24:10,0,71.6
2026-03-04 08:24:20,0,71.6
2026-03-04 08:24:30,0,73.7
2026-03-04 08:24:40,0,72.7
2026-03-04 08:24:50,0,71.3
2026-03-04 08:25:00,0,70.8
2026-03-04 08:25:10,0,72.2
2026-03-04 08:25:20,0,70.7
2026-03-04 08:25:30,0,70.8
2026-03-04 08:25:40,0,70.3
2026-03-04 08:25:50,0,69.5
2026-03-04 08:26:00,0,68.3
2026-03-04 08:26:10,0,68.0
2026-03-04 08:26:20,0,67.0
2026-03-04 08:26:30,0,67.6
2026-03-04 08:26:40,0,67.6
2026-03-04 08:26:50,0,69.5
2026-03-04 08:27:00,0,66.9
2026-03-04 08:27:10,0,67.4
2026-03-04 08:27:20,0,66.3
2026-03-04 08:27:30,0,67.5
2026-03-04 08:27:40,0,67.6
2026-03-04 08:27:50,0,67.0
2026-03-04 08:28:00,0,69.2
2026-03-04 08:28:10,0,67.1
2026-03-04 08:28:20,0,67.5
2026-03-04 08:28:30,0,68.2
2026-03-04 08:28:40,0,68.3
2026-03-04 08:28:50,0,68.2
2026-03-04 08:29:00,0,66.7
2026-03-04 08:29:10,0,66.7
2026-03-04 08:29:20,0,67.4
2026-03-04 08:29:30,0,67.2
2026-03-04 08:29:40,0,67.5
2026-03-04 08:29:50,0,67.7
2026-03-04 08:30:00,1,67.7
2026-03-04 08:30:10,0,67.4
2026-03-04 08:30:20,0,67.1
2026-03-04 08:30:30,0,66.8
2026-03-04 08:30:40,0,68.3
2026-03-04 08:30:50,0,67.0
2026-03-04 08:31:00,0,68.3
2026-03-04 08:31:10,0,67.9
2026-03-04 08:31:20,0,68.5
2026-03-04 08:31:30,0,67.3
2026-03-04 08:31:40,2,67.3
2026-03-04 08:31:50,1,68.3
2026-03-04 08:32:00,0,68.8
2026-03-04 08:32:10,1,68.4
2026-03-04 08:32:20,0,68.1
2026-03-04 08:32:30,0,67.7
2026-03-04 08:32:40,0,69.5
2026-03-04 08:32:50,0,69.4
2026-03-04 08:33:00,0,70.0
2026-03-04 08:33:10,0,71.7
2026-03-04 08:33:20,0,70.9
2026-03-04 08:33:30,0,71.9
2026-03-04 08:33:40,0,71.5
2026-03-04 08:33:50,0,70.2
2026-03-04 08:34:00,0,69.7
2026-03-04 08:34:10,0,69.7
2026-03-04 08:34:20,0,69.7
2026-03-04 08:34:30,0,70.7
2026-03-04 08:34:40,0,70.2
2026-03-04 08:34:50,0,68.3
2026-03-04 08:35:00,0,70.1
2026-03-04 08:35:10,0,70.6
2026-03-04 08:35:20,0,70.7
2026-03-04 08:35:30,0,69.8
2026-03-04 08:35:40,0,69.2
2026-03-04 08:35:50,0,70.9
2026-03-04 08:36:00,0,69.3
2026-03-04 08:36:10,0,69.6
2026-03-04 08:36:20,0,70.6
2026-03-04 08:36:30,0,72.5
2026-03-04 08:36:40,0,72.4
2026-03-04 08:36:50,0,73.0
2026-03-04 08:37:00,0,72.8
2026-03-04 08:37:10,0,73.7
2026-03-04 08:37:20,0,72.3
2026-03-04 08:37:30,0,71.1
2026-03-04 08:37:40,0,71.5
2026-03-04 08:37:50,2,71.4
2026-03-04 08:38:00,0,70.0
2026-03-04 08:38:10,0,70.5
2026-03-04 08:38:20,0,71.4
2026-03-04 08:38:30,0,72.0
2026-03-04 08:38:40,0,72.7
2026-03-04 08:38:50,0,72.0
2026-03-04 08:39:00,0,72.3
2026-03-04 08:39:10,0,73.3
2026-03-04 08:39:20,0,72.3
2026-03-04 08:39:30,0,71.8
2026-03-04 08:39:40,0,72.0
2026-03-04 08:39:50,0,72.3
2026-03-04 08:40:00,0,72.7
2026-03-04 08:40:10,0,72.1
2026-03-04 08:40:20,0,72.6
2026-03-04 08:40:30,0,74.4
2026-03-04 08:40:40,0,73.3
2026-03-04 08:40:50,0,73.2
2026-03-04 08:41:00,0,73.4
2026-03-04 08:41:10,0,73.0
2026-03-04 08:41:20,0,72.2
2026-03-04 08:41:30,0,72.4
2026-03-04 08:41:40,0,72.1
2026-03-04 08:41:50,0,73.0
2026-03-04 08:42:00,0,73.4
2026-03-04 08:42:10,0,73.0
2026-03-04 08:42:20,0,71.9
2026-03-04 08:42:30,0,72.7
2026-03-04 08:42:40,0,70.6
2026-03-04 08:42:50,0,73.0
2026-03-04 08:43:00,0,70.9
2026-03-04 08:43:10,0,70.0
2026-03-04 08:43:20,0,71.6
2026-03-04 08:43:30,0,71.2
2026-03-04 08:43:40,0,69.4
2026-03-04 08:43:50,0,70.4
2026-03-04 08:44:00,0,71.2
2026-03-04 08:44:10,1,67.6
2026-03-04 08:44:20,0,63.2
2026-03-04 08:44:30,0,67.6
2026-03-04 08:44:40,0,67.1
2026-03-04 08:44:50,0,70.9
2026-03-04 08:45:00,0,70.0
2026-03-04 08:45:10,0,69.5
2026-03-04 08:45:20,0,69.2
2026-03-04 08:45:30,0,69.4
2026-03-04 08:45:40,0,67.5
2026-03-04 08:45:50,2,69.3
2026-03-04 08:46:00,0,69.5
2026-03-04 08:46:10,0,70.8
2026-03-04 08:46:20,0,70.1
2026-03-04 08:46:30,0,68.9
2026-03-04 08:46:40,0,68.9
2026-03-04 08:46:50,0,67.6
2026-03-04 08:47:00,0,68.4
2026-03-04 08:47:10,0,68.8
2026-03-04 08:47:20,0,69.1
2026-03-04 08:47:30,0,68.4
2026-03-04 08:47:40,0,68.6
2026-03-04 08:47:50,0,70.1
2026-03-04 08:48:00,0,69.0
2026-03-04 08:48:10,0,69.4
2026-03-04 08:48:20,0,69.1
2026-03-04 08:48:30,0,70.3
2026-03-04 08:48:40,0,69.4
2026-03-04 08:48:50,0,68.5
2026-03-04 08:49:00,0,68.0
2026-03-04 08:49:10,0,68.5
2026-03-04 08:49:20,0,67.1
2026-03-04 08:49:30,0,66.0
2026-03-04 08:49:40,0,66.8
2026-03-04 08:49:50,0,68.6
2026-03-04 08:50:00,0,69.0
2026-03-04 08:50:10,0,70.4
2026-03-04 08:50:20,0,69.8
2026-03-04 08:50:30,0,70.2
2026-03-04 08:50:40,0,69.1
2026-03-04 08:50:50,0,70.2
2026-03-04 08:51:00,0,68.8
2026-03-04 08:51:10,0,70.2
2026-03-04 08:51:20,0,68.7
2026-03-04 08:51:30,0,68.3
2026-03-04 08:51:40,0,70.0
2026-03-04 08:51:50,0,71.7
2026-03-04 08:52:00,0,73.6
2026-03-04 08:52:10,0,72.4
2026-03-04 08:52:20,0,72.5
2026-03-04 08:52:30,0,73.2
2026-03-04 08:52:40,0,72.8
2026-03-04 08:52:50,0,74.2
2026-03-04 08:53:00,0,73.9
2026-03-04 08:53:10,0,73.7
2026-03-04 08:53:20,0,75.4
2026-03-04 08:53:30,0,74.8
2026-03-04 08:53:40,0,73.6
2026-03-04 08:53:50,0,74.5
2026-03-04 08:54:00,0,74.9
2026-03-04 08:54:10,0,74.6
2026-03-04 08:54:20,0,74.6
2026-03-04 08:54:30,0,74.4
2026-03-04 08:54:40,0,76.0
2026-03-04 08:54:50,0,76.3
2026-03-04 08:55:00,16,76.3
2026-03-04 08:55:10,16,75.2
2026-03-04 08:55:20,17,75.2
2026-03-04 08:55:30,16,76.8
2026-03-04 08:55:40,17,78.4
2026-03-04 08:55:50,18,79.5
2026-03-04 08:56:00,18,81.0
2026-03-04 08:56:10,16,83.2
2026-03-04 08:56:20,17,84.0
2026-03-04 08:56:30,18,84.3
2026-03-04 08:56:40,17,83.4
2026-03-04 08:56:50,17,81.8
2026-03-04 08:57:00,16,81.5
2026-03-04 08:57:10,17,80.3
2026-03-04 08:57:20,17,80.5
2026-03-04 08:57:30,17,80.1
2026-03-04 08:57:40,16,79.8
2026-03-04 08:57:50,16,78.3
2026-03-04 08:58:00,17,77.0
2026-03-04 08:58:10,17,75.6
2026-03-04 08:58:20,16,74.9
2026-03-04 08:58:30,0,73.0
2026-03-04 08:58:40,0,75.3
2026-03-04 08:58:50,0,75.0
2026-03-04 08:59:00,0,74.2
2026-03-04 08:59:10,0,72.7
2026-03-04 08:59:20,0,71.3
2026-03-04 08:59:30,0,72.4
2026-03-04 08:59:40,0,73.5
2026-03-04 08:59:50,0,72.4
2026-03-04 09:00:00,0,74.0
2026-03-04 09:00:10,0,74.6
2026-03-04 09:00:20,0,74.2
2026-03-04 09:00:30,0,70.7
2026-03-04 09:00:40,0,72.5
2026-03-04 09:00:50,0,72.9
2026-03-04 09:01:00,0,71.9
2026-03-04 09:01:10,0,71.0
2026-03-04 09:01:20,0,71.8
2026-03-04 09:01:30,0,70.6
2026-03-04 09:01:40,0,71.5
2026-03-04 09:01:50,0,72.4
2026-03-04 09:02:00,0,71.6
2026-03-04 09:02:10,0,70.8
2026-03-04 09:02:20,0,71.3
2026-03-04 09:02:30,0,71.3
2026-03-04 09:02:40,0,72.6
2026-03-04 09:02:50,0,73.1
2026-03-04 09:03:00,0,74.3
2026-03-04 09:03:10,0,71.9
2026-03-04 09:03:20,0,72.7
2026-03-04 09:03:30,0,73.7
2026-03-04 09:03:40,0,73.0
2026-03-04 09:03:50,0,71.5
2026-03-04 09:04:00,0,70.6
2026-03-04 09:04:10,2,71.6
2026-03-04 09:04:20,0,73.9
2026-03-04 09:04:30,0,70.6
2026-03-04 09:04:40,0,69.9
2026-03-04 09:04:50,0,70.8
2026-03-04 09:05:00,0,70.6
2026-03-04 09:05:10,0,71.4
2026-03-04 09:05:20,0,69.7
2026-03-04 09:05:30,0,71.5
2026-03-04 09:05:40,0,72.2
2026-03-04 09:05:50,0,69.3
2026-03-04 09:06:00,0,69.8
2026-03-04 09:06:10,0,69.7
2026-03-04 09:06:20,0,71.4
2026-03-04 09:06:30,0,70.0
2026-03-04 09:06:40,0,70.8
2026-03-04 09:06:50,0,67.6
2026-03-04 09:07:00,0,68.6
2026-03-04 09:07:10,0,71.3
2026-03-04 09:07:20,0,69.4
2026-03-04 09:07:30,0,67.8
2026-03-04 09:07:40,0,69.0
2026-03-04 09:07:50,0,68.9
2026-03-04 09:08:00,0,66.3
2026-03-04 09:08:10,0,68.9
2026-03-04 09:08:20,0,69.2
2026-03-04 09:08:30,0,68.4
2026-03-04 09:08:40,0,69.8
2026-03-04 09:08:50,0,70.4
2026-03-04 09:09:00,0,69.2
2026-03-04 09:09:10,0,70.0
2026-03-04 09:09:20,0,69.4
2026-03-04 09:09:30,0,67.8
2026-03-04 09:09:40,0,69.5
2026-03-04 09:09:50,0,69.7
2026-03-04 09:10:00,0,69.5
2026-03-04 09:10:10,2,68.6
2026-03-04 09:10:20,0,69.0
2026-03-04 09:10:30,0,69.3
2026-03-04 09:10:40,0,70.8
2026-03-04 09:10:50,0,69.3
2026-03-04 09:11:00,1,69.3
2026-03-04 09:11:10,0,68.9
2026-03-04 09:11:20,0,68.4
2026-03-04 09:11:30,0,70.3
2026-03-04 09:11:40,0,69.6
2026-03-04 09:11:50,0,70.7
2026-03-04 09:12:00,0,70.8
2026-03-04 09:12:10,0,72.9
2026-03-04 09:12:20,0,70.3
2026-03-04 09:12:30,0,69.7
2026-03-04 09:12:40,1,69.6
2026-03-04 09:12:50,0,70.5
2026-03-04 09:13:00,0,71.3
2026-03-04 09:13:10,0,68.4
2026-03-04 09:13:20,0,68.4
2026-03-04 09:13:30,0,68.1
2026-03-04 09:13:40,0,69.7
2026-03-04 09:13:50,0,69.8
2026-03-04 09:14:00,1,68.9
2026-03-04 09:14:10,0,78.6
2026-03-04 09:14:20,0,74.6
2026-03-04 09:14:30,0,69.5
2026-03-04 09:14:40,0,68.8
2026-03-04 09:14:50,0,69.0
2026-03-04 09:15:00,0,68.9
2026-03-04 09:15:10,0,69.0
2026-03-04 09:15:20,0,68.6
2026-03-04 09:15:30,0,68.8
2026-03-04 09:15:40,0,69.5
2026-03-04 09:15:50,0,69.2
2026-03-04 09:16:00,0,71.3
2026-03-04 09:16:10,0,71.0
2026-03-04 09:16:20,0,69.2
2026-03-04 09:16:30,0,69.8
2026-03-04 09:16:40,0,68.3
2026-03-04 09:16:50,0,70.6
2026-03-04 09:17:00,0,70.4
2026-03-04 09:17:10,0,70.2
2026-03-04 09:17:20,0,68.6
2026-03-04 09:17:30,0,70.3
2026-03-04 09:17:40,0,69.7
2026-03-04 09:17:50,0,69.5
2026-03-04 09:18:00,0,67.0
2026-03-04 09:18:10,0,66.8
2026-03-04 09:18:20,0,68.3
2026-03-04 09:18:30,0,68.1
2026-03-04 09:18:40,0,67.1
2026-03-04 09:18:50,0,68.4
2026-03-04 09:19:00,0,68.5
2026-03-04 09:19:10,0,69.2
2026-03-04 09:19:20,0,69.2
2026-03-04 09:19:30,0,68.0
2026-03-04 09:19:40,0,69.6
2026-03-04 09:19:50,1,68.5
2026-03-04 09:20:00,0,68.0
2026-03-04 09:20:10,0,69.9
2026-03-04 09:20:20,0,68.5
2026-03-04 09:20:30,0,68.6
2026-03-04 09:20:40,0,69.2
2026-03-04 09:20:50,0,70.0
2026-03-04 09:21:00,0,68.8
2026-03-04 09:21:10,0,70.0
2026-03-04 09:21:20,0,68.9
2026-03-04 09:21:30,0,69.9
2026-03-04 09:21:40,0,71.2
2026-03-04 09:21:50,0,70.6
2026-03-04 09:22:00,0,70.3
2026-03-04 09:22:10,0,69.9
2026-03-04 09:22:20,0,71.0
2026-03-04 09:22:30,0,67.9
2026-03-04 09:22:40,0,68.3
2026-03-04 09:22:50,0,69.9
2026-03-04 09:23:00,0,69.7
2026-03-04 09:23:10,0,69.1
2026-03-04 09:23:20,0,68.9
2026-03-04 09:23:30,0,70.5
2026-03-04 09:23:40,0,71.0
2026-03-04 09:23:50,0,70.9
2026-03-04 09:24:00,0,70.2
2026-03-04 09:24:10,0,70.3
2026-03-04 09:24:20,0,67.5
2026-03-04 09:24:30,0,69.1
2026-03-04 09:24:40,0,68.2
2026-03-04 09:24:50,0,67.4
2026-03-04 09:25:00,0,68.5
2026-03-04 09:25:10,1,67.7
2026-03-04 09:25:20,0,68.7
2026-03-04 09:25:30,0,69.5
2026-03-04 09:25:40,0,69.4
2026-03-04 09:25:50,0,69.6
2026-03-04 09:26:00,0,68.3
2026-03-04 09:26:10,1,68.4
2026-03-04 09:26:20,0,69.6
2026-03-04 09:26:30,0,71.2
2026-03-04 09:26:40,0,71.2
2026-03-04 09:26:50,0,68.2
2026-03-04 09:27:00,0,67.9
2026-03-04 09:27:10,0,68.3
2026-03-04 09:27:20,0,69.8
2026-03-04 09:27:30,0,69.9
2026-03-04 09:27:40,0,69.3
2026-03-04 09:27:50,0,68.7
2026-03-04 09:28:00,0,67.8
2026-03-04 09:28:10,0,69.0
2026-03-04 09:28:20,0,70.2
2026-03-04 09:28:30,0,70.2
2026-03-04 09:28:40,0,70.9
2026-03-04 09:28:50,0,70.1
2026-03-04 09:29:00,0,70.2
2026-03-04 09:29:10,0,69.9
2026-03-04 09:29:20,0,69.2
2026-03-04 09:29:30,0,71.6
2026-03-04 09:29:40,0,71.3
2026-03-04 09:29:50,0,70.7
2026-03-04 09:30:00,0,70.7
2026-03-04 09:30:10,0,69.7
2026-03-04 09:30:20,0,72.3
2026-03-04 09:30:30,0,75.0
2026-03-04 09:30:40,0,76.6
2026-03-04 09:30:50,0,77.4
2026-03-04 09:31:00,0,82.3
2026-03-04 09:31:10,0,82.3
2026-03-04 09:31:20,0,85.2
2026-03-04 09:31:30,0,88.8
2026-03-04 09:31:40,0,92.7
2026-03-04 09:31:50,0,97.4
2026-03-04 09:32:00,0,98.9
2026-03-04 09:32:10,0,100.2
2026-03-04 09:32:20,0,100.9
2026-03-04 09:32:30,0,103.5
2026-03-04 09:32:40,0,103.5
2026-03-04 09:32:50,0,102.6
2026-03-04 09:33:00,0,104.7
2026-03-04 09:33:10,0,104.0
2026-03-04 09:33:20,0,101.7
2026-03-04 09:33:30,0,102.2
2026-03-04 09:33:40,0,102.3
2026-03-04 09:33:50,0,101.9
2026-03-04 09:34:00,0,101.4
2026-03-04 09:34:10,0,101.8
2026-03-04 09:34:20,0,104.1
2026-03-04 09:34:30,0,104.2
2026-03-04 09:34:40,0,103.5
2026-03-04 09:34:50,0,103.9
2026-03-04 09:35:00,0,103.4
2026-03-04 09:35:10,0,103.8
2026-03-04 09:35:20,0,103.2
2026-03-04 09:35:30,0,103.9
2026-03-04 09:35:40,0,105.0
2026-03-04 09:35:50,0,105.6
2026-03-04 09:36:00,0,104.6
2026-03-04 09:36:10,0,104.1
2026-03-04 09:36:20,0,103.7
2026-03-04 09:36:30,0,103.3
2026-03-04 09:36:40,0,103.8
2026-03-04 09:36:50,0,103.6
2026-03-04 09:37:00,0,103.9
2026-03-04 09:37:10,0,101.7
2026-03-04 09:37:20,0,101.6
2026-03-04 09:37:30,0,102.2
2026-03-04 09:37:40,0,99.4
2026-03-04 09:37:50,0,99.1
2026-03-04 09:38:00,0,98.8
2026-03-04 09:38:10,0,97.0
2026-03-04 09:38:20,0,95.5
2026-03-04 09:38:30,0,94.9
2026-03-04 09:38:40,0,93.9
2026-03-04 09:38:50,0,93.1
2026-03-04 09:39:00,1,92.8
2026-03-04 09:39:10,0,91.7
2026-03-04 09:39:20,0,90.5
2026-03-04 09:39:30,0,90.4
2026-03-04 09:39:40,0,90.1
2026-03-04 09:39:50,0,91.7
2026-03-04 09:40:00,0,88.8
2026-03-04 09:40:10,0,87.3
2026-03-04 09:40:20,0,87.0
2026-03-04 09:40:30,0,85.8
2026-03-04 09:40:40,0,85.3
2026-03-04 09:40:50,0,84.9
2026-03-04 09:41:00,0,84.6
2026-03-04 09:41:10,0,82.8
2026-03-04 09:41:20,1,85.6
2026-03-04 09:41:30,0,84.2
2026-03-04 09:41:40,0,83.5
2026-03-04 09:41:50,0,84.0
2026-03-04 09:42:00,0,83.9
2026-03-04 09:42:10,0,82.1
2026-03-04 09:42:20,2,82.2
2026-03-04 09:42:30,0,80.7
2026-03-04 09:42:40,0,80.4
2026-03-04 09:42:50,0,81.0
2026-03-04 09:43:00,1,82.1
2026-03-04 09:43:10,0,82.1
2026-03-04 09:43:20,0,80.9
2026-03-04 09:43:30,0,83.2
2026-03-04 09:43:40,0,82.6
2026-03-04 09:43:50,0,83.1
2026-03-04 09:44:00,0,81.9
2026-03-04 09:44:10,0,81.4
2026-03-04 09:44:20,0,79.7
2026-03-04 09:44:30,0,82.5
2026-03-04 09:44:40,0,81.1
2026-03-04 09:44:50,0,81.8
2026-03-04 09:45:00,0,80.5
2026-03-04 09:45:10,0,80.8
2026-03-04 09:45:20,0,78.6
2026-03-04 09:45:30,0,79.7
2026-03-04 09:45:40,0,79.1
2026-03-04 09:45:50,0,78.5
2026-03-04 09:46:00,0,80.0
2026-03-04 09:46:10,0,79.4
2026-03-04 09:46:20,0,78.8
2026-03-04 09:46:30,0,80.9
2026-03-04 09:46:40,0,80.5
2026-03-04 09:46:50,0,78.8
2026-03-04 09:47:00,0,78.7
2026-03-04 09:47:10,0,79.1
2026-03-04 09:47:20,0,79.1
2026-03-04 09:47:30,0,77.0
2026-03-04 09:47:40,0,76.9
2026-03-04 09:47:50,0,78.0
2026-03-04 09:48:00,0,76.8
2026-03-04 09:48:10,0,78.2
2026-03-04 09:48:20,0,76.9
2026-03-04 09:48:30,0,78.9
2026-03-04 09:48:40,0,78.1
2026-03-04 09:48:50,0,76.9
2026-03-04 09:49:00,0,76.1
2026-03-04 09:49:10,0,76.9
2026-03-04 09:49:20,0,75.6
2026-03-04 09:49:30,0,74.8
2026-03-04 09:49:40,2,75.6
2026-03-04 09:49:50,0,76.6
2026-03-04 09:50:00,0,75.9
2026-03-04 09:50:10,0,75.9
2026-03-04 09:50:20,0,76.6
2026-03-04 09:50:30,0,76.6
2026-03-04 09:50:40,0,75.3
2026-03-04 09:50:50,0,76.7
2026-03-04 09:51:00,0,77.3
2026-03-04 09:51:10,0,77.1
2026-03-04 09:51:20,0,76.5
2026-03-04 09:51:30,0,75.9
2026-03-04 09:51:40,0,75.9
2026-03-04 09:51:50,0,75.4
2026-03-04 09:52:00,0,77.0
2026-03-04 09:52:10,0,76.0
2026-03-04 09:52:20,0,76.1
2026-03-04 09:52:30,0,76.4
2026-03-04 09:52:40,0,77.5
2026-03-04 09:52:50,0,77.7
2026-03-04 09:53:00,0,77.4
2026-03-04 09:53:10,0,78.0
2026-03-04 09:53:20,0,76.5
2026-03-04 09:53:30,0,76.5
2026-03-04 09:53:40,0,76.0
2026-03-04 09:53:50,0,75.4
2026-03-04 09:54:00,0,75.9
2026-03-04 09:54:10,0,77.0
2026-03-04 09:54:20,0,76.3
2026-03-04 09:54:30,0,74.5
2026-03-04 09:54:40,0,76.7
2026-03-04 09:54:50,2,75.6
2026-03-04 09:55:00,0,75.4
2026-03-04 09:55:10,0,76.5
2026-03-04 09:55:20,0,75.7
2026-03-04 09:55:30,2,75.8
2026-03-04 09:55:40,0,76.1
2026-03-04 09:55:50,0,76.2
2026-03-04 09:56:00,0,76.9
2026-03-04 09:56:10,0,76.2
2026-03-04 09:56:20,0,76.7
2026-03-04 09:56:30,0,75.7
2026-03-04 09:56:40,0,75.7
2026-03-04 09:56:50,0,76.5
2026-03-04 09:57:00,0,76.0
2026-03-04 09:57:10,0,75.7
2026-03-04 09:57:20,0,77.6
2026-03-04 09:57:30,0,77.4
2026-03-04 09:57:40,0,76.6
2026-03-04 09:57:50,0,76.8
2026-03-04 09:58:00,0,75.8
2026-03-04 09:58:10,0,76.2
2026-03-04 09:58:20,0,76.8
2026-03-04 09:58:30,0,75.7
2026-03-04 09:58:40,0,76.1
2026-03-04 09:58:50,0,76.9
2026-03-04 09:59:00,0,78.4
2026-03-04 09:59:10,0,78.5
2026-03-04 09:59:20,0,77.4
2026-03-04 09:59:30,0,77.5
2026-03-04 09:59:40,0,77.9
2026-03-04 09:59:50,0,78.0
2026-03-04 10:00:00,0,76.6
2026-03-04 10:00:10,1,77.1
2026-03-04 10:00:20,0,78.3
2026-03-04 10:00:30,0,77.3
2026-03-04 10:00:40,0,77.3
2026-03-04 10:00:50,0,75.7
2026-03-04 10:01:00,0,76.8
2026-03-04 10:01:10,0,77.8
2026-03-04 10:01:20,0,76.6
2026-03-04 10:01:30,0,77.6
2026-03-04 10:01:40,0,76.4
2026-03-04 10:01:50,0,75.7
2026-03-04 10:02:00,0,76.8
2026-03-04 10:02:10,0,78.0
2026-03-04 10:02:20,0,77.8
2026-03-04 10:02:30,0,76.3
2026-03-04 10:02:40,0,79.0
2026-03-04 10:02:50,0,77.8
2026-03-04 10:03:00,0,77.7
2026-03-04 10:03:10,0,75.4
2026-03-04 10:03:20,0,76.7
2026-03-04 10:03:30,2,77.1
2026-03-04 10:03:40,0,76.6
2026-03-04 10:03:50,0,75.7
2026-03-04 10:04:00,0,75.4
2026-03-04 10:04:10,0,76.3
2026-03-04 10:04:20,0,77.5
2026-03-04 10:04:30,0,75.5
2026-03-04 10:04:40,0,74.9
2026-03-04 10:04:50,0,75.1
2026-03-04 10:05:00,2,74.4
2026-03-04 10:05:10,0,75.2
2026-03-04 10:05:20,0,77.5
2026-03-04 10:05:30,1,80.1
2026-03-04 10:05:40,6,81.3
2026-03-04 10:05:50,5,79.5
2026-03-04 10:06:00,2,76.3
2026-03-04 10:06:10,0,76.2
2026-03-04 10:06:20,0,75.2
2026-03-04 10:06:30,0,76.9
2026-03-04 10:06:40,0,76.3
2026-03-04 10:06:50,0,77.7
2026-03-04 10:07:00,0,76.7
2026-03-04 10:07:10,0,77.2
2026-03-04 10:07:20,0,78.2
2026-03-04 10:07:30,0,76.2
2026-03-04 10:07:40,0,76.9
2026-03-04 10:07:50,0,76.3
2026-03-04 10:08:00,0,76.3
2026-03-04 10:08:10,1,77.2
2026-03-04 10:08:20,0,75.7
2026-03-04 10:08:30,0,77.0
2026-03-04 10:08:40,0,77.8
2026-03-04 10:08:50,0,76.0
2026-03-04 10:09:00,0,76.3
2026-03-04 10:09:10,0,76.8
2026-03-04 10:09:20,0,77.0
2026-03-04 10:09:30,0,77.3
2026-03-04 10:09:40,0,76.7
2026-03-04 10:09:50,0,76.2
2026-03-04 10:10:00,0,76.0
2026-03-04 10:10:10,2,75.2
2026-03-04 10:10:20,0,75.1
2026-03-04 10:10:30,0,76.8
2026-03-04 10:10:40,0,76.7
2026-03-04 10:10:50,0,77.0
2026-03-04 10:11:00,0,75.9
2026-03-04 10:11:10,0,77.2
2026-03-04 10:11:20,0,76.1
2026-03-04 10:11:30,0,78.9
2026-03-04 10:11:40,0,80.5
2026-03-04 10:11:50,0,79.8
2026-03-04 10:12:00,0,80.2
2026-03-04 10:12:10,0,79.3
2026-03-04 10:12:20,0,78.4
2026-03-04 10:12:30,3,80.1
2026-03-04 10:12:40,0,79.2
2026-03-04 10:12:50,0,79.2
2026-03-04 10:13:00,0,79.6
2026-03-04 10:13:10,0,79.7
2026-03-04 10:13:20,0,79.6
2026-03-04 10:13:30,0,79.9
2026-03-04 10:13:40,0,79.8
2026-03-04 10:13:50,0,78.7
2026-03-04 10:14:00,0,79.1
2026-03-04 10:14:10,0,79.7
2026-03-04 10:14:20,0,80.0
2026-03-04 10:14:30,0,81.3
2026-03-04 10:14:40,0,79.8
2026-03-04 10:14:50,0,80.7
2026-03-04 10:15:00,0,83.1
2026-03-04 10:15:10,0,82.3
2026-03-04 10:15:20,0,82.6
2026-03-04 10:15:30,0,81.5
2026-03-04 10:15:40,0,82.5
2026-03-04 10:15:50,0,81.4
2026-03-04 10:16:00,0,79.5
2026-03-04 10:16:10,0,81.2
2026-03-04 10:16:20,0,81.5
2026-03-04 10:16:30,0,80.8
2026-03-04 10:16:40,0,80.6
2026-03-04 10:16:50,0,79.9
2026-03-04 10:17:00,0,79.3
2026-03-04 10:17:10,0,78.9
2026-03-04 10:17:20,0,79.5
2026-03-04 10:17:30,0,79.8
2026-03-04 10:17:40,0,79.4
2026-03-04 10:17:50,0,80.5
2026-03-04 10:18:00,0,81.5
2026-03-04 10:18:10,0,81.6
2026-03-04 10:18:20,0,81.4
2026-03-04 10:18:30,0,79.9
2026-03-04 10:18:40,0,79.1
2026-03-04 10:18:50,0,78.7
2026-03-04 10:19:00,0,79.0
2026-03-04 10:19:10,0,78.2
2026-03-04 10:19:20,0,77.7
2026-03-04 10:19:30,0,77.8
2026-03-04 10:19:40,0,77.3
2026-03-04 10:19:50,0,76.5
2026-03-04 10:20:00,0,76.9
2026-03-04 10:20:10,0,76.6
2026-03-04 10:20:20,0,76.1
2026-03-04 10:20:30,0,76.8
2026-03-04 10:20:40,0,77.6
2026-03-04 10:20:50,0,78.4
2026-03-04 10:21:00,0,78.8
2026-03-04 10:21:10,0,78.4
2026-03-04 10:21:20,0,77.9
2026-03-04 10:21:30,0,79.8
2026-03-04 10:21:40,0,77.5
2026-03-04 10:21:50,0,78.8
2026-03-04 10:22:00,0,78.0
2026-03-04 10:22:10,0,78.9
2026-03-04 10:22:20,0,78.7
2026-03-04 10:22:30,1,78.6
2026-03-04 10:22:40,0,78.0
2026-03-04 10:22:50,0,77.4
2026-03-04 10:23:00,0,78.4
2026-03-04 10:23:10,0,80.4
2026-03-04 10:23:20,0,79.9
2026-03-04 10:23:30,0,78.7
2026-03-04 10:23:40,0,77.7
2026-03-04 10:23:50,0,77.4
2026-03-04 10:24:00,0,77.7
2026-03-04 10:24:10,0,77.3
2026-03-04 10:24:20,0,77.0
2026-03-04 10:24:30,0,77.2
2026-03-04 10:24:40,0,76.8
2026-03-04 10:24:50,0,77.4
2026-03-04 10:25:00,0,75.8
2026-03-04 10:25:10,0,77.4
2026-03-04 10:25:20,0,77.3
2026-03-04 10:25:30,1,76.6
2026-03-04 10:25:40,0,77.2
2026-03-04 10:25:50,0,77.5
2026-03-04 10:26:00,0,79.4
2026-03-04 10:26:10,0,78.3
2026-03-04 10:26:20,0,77.7
2026-03-04 10:26:30,0,78.4
2026-03-04 10:26:40,0,78.5
2026-03-04 10:26:50,0,80.0
2026-03-04 10:27:00,0,78.4
2026-03-04 10:27:10,0,79.3
2026-03-04 10:27:20,0,79.4
2026-03-04 10:27:30,0,78.4
2026-03-04 10:27:40,0,76.1
2026-03-04 10:27:50,0,78.2
2026-03-04 10:28:00,0,79.0
2026-03-04 10:28:10,0,76.4
2026-03-04 10:28:20,0,76.7
2026-03-04 10:28:30,0,77.7
2026-03-04 10:28:40,0,78.9
2026-03-04 10:28:50,0,77.1
2026-03-04 10:29:00,0,76.4
2026-03-04 10:29:10,0,77.5
2026-03-04 10:29:20,0,78.6
2026-03-04 10:29:30,0,79.4
2026-03-04 10:29:40,0,78.8
2026-03-04 10:29:50,0,77.9
2026-03-04 10:30:00,0,78.8
2026-03-04 10:30:10,0,78.6
2026-03-04 10:30:20,0,78.8
2026-03-04 10:30:30,0,79.9
2026-03-04 10:30:40,0,80.0
2026-03-04 10:30:50,0,80.1
2026-03-04 10:31:00,0,79.2
2026-03-04 10:31:10,0,79.4
2026-03-04 10:31:20,0,80.0
2026-03-04 10:31:30,0,79.1
2026-03-04 10:31:40,0,80.3
2026-03-04 10:31:50,0,79.9
2026-03-04 10:32:00,0,79.9
2026-03-04 10:32:10,0,79.0
2026-03-04 10:32:20,0,80.4
2026-03-04 10:32:30,0,80.2
2026-03-04 10:32:40,0,79.5
2026-03-04 10:32:50,0,80.3
2026-03-04 10:33:00,0,82.5
2026-03-04 10:33:10,0,81.0
2026-03-04 10:33:20,0,
2026-03-04 10:33:30,0,
2026-03-04 10:33:40,0,
2026-03-04 10:33:50,0,
2026-03-04 10:34:00,0,
2026-03-04 10:34:10,0,80.0
2026-03-04 10:34:20,0,79.3
2026-03-04 10:34:30,0,80.4
2026-03-04 10:34:40,0,79.9
2026-03-04 10:34:50,0,79.8
2026-03-04 10:35:00,0,80.6
2026-03-04 10:35:10,0,79.5
2026-03-04 10:35:20,0,77.2
2026-03-04 10:35:30,0,78.9
2026-03-04 10:35:40,2,78.8
2026-03-04 10:35:50,0,78.8
2026-03-04 10:36:00,1,78.9
2026-03-04 10:36:10,0,78.3
2026-03-04 10:36:20,0,77.8
2026-03-04 10:36:30,0,77.5
2026-03-04 10:36:40,0,78.2
2026-03-04 10:36:50,0,78.6
2026-03-04 10:37:00,0,78.0
2026-03-04 10:37:10,0,76.3
2026-03-04 10:37:20,0,76.5
2026-03-04 10:37:30,0,77.7
2026-03-04 10:37:40,0,78.4
2026-03-04 10:37:50,0,76.9
2026-03-04 10:38:00,0,77.9
2026-03-04 10:38:10,0,77.6
2026-03-04 10:38:20,0,78.2
2026-03-04 10:38:30,0,78.8
2026-03-04 10:38:40,0,76.8
2026-03-04 10:38:50,0,76.7
2026-03-04 10:39:00,0,78.2
2026-03-04 10:39:10,0,78.3
2026-03-04 10:39:20,0,77.3
2026-03-04 10:39:30,0,77.7
2026-03-04 10:39:40,0,76.6
2026-03-04 10:39:50,0,75.9
2026-03-04 10:40:00,0,77.6
2026-03-04 10:40:10,0,77.1
2026-03-04 10:40:20,0,78.2
2026-03-04 10:40:30,0,78.0
2026-03-04 10:40:40,0,77.7
2026-03-04 10:40:50,0,77.9
2026-03-04 10:41:00,0,76.7
2026-03-04 10:41:10,0,79.9
2026-03-04 10:41:20,0,78.2
2026-03-04 10:41:30,0,79.0
2026-03-04 10:41:40,0,79.6
2026-03-04 10:41:50,0,79.7
2026-03-04 10:42:00,0,80.1
2026-03-04 10:42:10,0,78.0
2026-03-04 10:42:20,0,79.4
2026-03-04 10:42:30,0,79.5
2026-03-04 10:42:40,0,79.3
2026-03-04 10:42:50,0,79.0
2026-03-04 10:43:00,0,78.4
2026-03-04 10:43:10,0,78.8
2026-03-04 10:43:20,0,78.9
2026-03-04 10:43:30,0,79.8
2026-03-04 10:43:40,0,79.7
2026-03-04 10:43:50,0,78.3
2026-03-04 10:44:00,0,78.9
2026-03-04 10:44:10,0,79.0
2026-03-04 10:44:20,0,78.8
2026-03-04 10:44:30,0,77.7
2026-03-04 10:44:40,0,78.9
2026-03-04 10:44:50,0,81.0
2026-03-04 10:45:00,0,78.7
2026-03-04 10:45:10,0,79.6
2026-03-04 10:45:20,0,80.6
2026-03-04 10:45:30,0,79.1
2026-03-04 10:45:40,0,79.7
2026-03-04 10:45:50,0,79.5
2026-03-04 10:46:00,0,78.8
2026-03-04 10:46:10,0,78.8
2026-03-04 10:46:20,0,78.5
2026-03-04 10:46:30,0,78.9
2026-03-04 10:46:40,0,78.0
2026-03-04 10:46:50,0,76.6
2026-03-04 10:47:00,0,77.9
2026-03-04 10:47:10,0,78.2
2026-03-04 10:47:20,0,78.1
2026-03-04 10:47:30,0,79.3
2026-03-04 10:47:40,0,78.3
2026-03-04 10:47:50,0,77.1
2026-03-04 10:48:00,0,78.0
2026-03-04 10:48:10,0,76.6
2026-03-04 10:48:20,0,77.3
2026-03-04 10:48:30,0,77.3
2026-03-04 10:48:40,0,76.5
2026-03-04 10:48:50,0,78.6
2026-03-04 10:49:00,0,78.1
2026-03-04 10:49:10,0,76.4
2026-03-04 10:49:20,0,77.0
2026-03-04 10:49:30,0,76.7
2026-03-04 10:49:40,0,75.9
2026-03-04 10:49:50,0,77.7
2026-03-04 10:50:00,18,76.5
2026-03-04 10:50:10,18,76.6
2026-03-04 10:50:20,19,78.2
2026-03-04 10:50:30,20,79.2
2026-03-04 10:50:40,19,77.7
2026-03-04 10:50:50,19,78.8
2026-03-04 10:51:00,19,78.4
2026-03-04 10:51:10,20,80.6
2026-03-04 10:51:20,20,81.8
2026-03-04 10:51:30,19,82.5
2026-03-04 10:51:40,19,82.5
2026-03-04 10:51:50,18,84.7
2026-03-04 10:52:00,18,86.8
2026-03-04 10:52:10,19,88.7
2026-03-04 10:52:20,19,87.3
2026-03-04 10:52:30,18,87.5
2026-03-04 10:52:40,19,88.5
2026-03-04 10:52:50,19,90.2
2026-03-04 10:53:00,18,90.1
2026-03-04 10:53:10,19,91.1
2026-03-04 10:53:20,19,91.9
2026-03-04 10:53:30,19,92.0
2026-03-04 10:53:40,18,92.4
2026-03-04 10:53:50,20,92.8
2026-03-04 10:54:00,19,91.8
2026-03-04 10:54:10,20,93.1
2026-03-04 10:54:20,19,93.1
2026-03-04 10:54:30,19,93.0
2026-03-04 10:54:40,20,92.8
2026-03-04 10:54:50,18,93.7
2026-03-04 10:55:00,18,93.8
2026-03-04 10:55:10,19,94.0
2026-03-04 10:55:20,19,94.6
2026-03-04 10:55:30,21,95.2
2026-03-04 10:55:40,19,95.4
2026-03-04 10:55:50,19,96.5
2026-03-04 10:56:00,19,95.5
2026-03-04 10:56:10,19,94.9
2026-03-04 10:56:20,21,94.2
2026-03-04 10:56:30,18,95.0
2026-03-04 10:56:40,18,91.9
2026-03-04 10:56:50,19,93.6
2026-03-04 10:57:00,0,94.5
2026-03-04 10:57:10,0,91.4
2026-03-04 10:57:20,0,90.3
2026-03-04 10:57:30,0,89.8
2026-03-04 10:57:40,0,90.5
2026-03-04 10:57:50,0,89.5
2026-03-04 10:58:00,0,89.8
2026-03-04 10:58:10,0,88.7
2026-03-04 10:58:20,0,89.0
2026-03-04 10:58:30,0,90.8
2026-03-04 10:58:40,0,90.1
2026-03-04 10:58:50,0,89.0
2026-03-04 10:59:00,0,88.4
2026-03-04 10:59:10,0,88.9
2026-03-04 10:59:20,0,89.8
2026-03-04 10:59:30,0,90.0
2026-03-04 10:59:40,0,89.9
2026-03-04 10:59:50,0,92.7
2026-03-04 11:00:00,0,91.8
2026-03-04 11:00:10,0,91.5
2026-03-04 11:00:20,0,90.8
2026-03-04 11:00:30,0,91.5
2026-03-04 11:00:40,0,90.5
2026-03-04 11:00:50,0,89.9
2026-03-04 11:01:00,0,90.3
2026-03-04 11:01:10,0,91.4
2026-03-04 11:01:20,0,91.8
2026-03-04 11:01:30,0,92.7
2026-03-04 11:01:40,0,93.0
2026-03-04 11:01:50,0,94.3
2026-03-04 11:02:00,0,95.4
2026-03-04 11:02:10,0,96.0
2026-03-04 11:02:20,0,97.7
2026-03-04 11:02:30,0,99.3
2026-03-04 11:02:40,0,101.9
2026-03-04 11:02:50,2,102.1
2026-03-04 11:03:00,2,104.0
2026-03-04 11:03:10,0,105.7
2026-03-04 11:03:20,0,107.5
2026-03-04 11:03:30,0,110.0
2026-03-04 11:03:40,0,110.1
2026-03-04 11:03:50,0,113.0
2026-03-04 11:04:00,0,114.0
2026-03-04 11:04:10,0,115.0
2026-03-04 11:04:20,0,115.9
2026-03-04 11:04:30,0,116.0
2026-03-04 11:04:40,0,117.7
2026-03-04 11:04:50,0,117.3
2026-03-04 11:05:00,0,118.1
2026-03-04 11:05:10,0,118.5
2026-03-04 11:05:20,0,118.8
2026-03-04 11:05:30,0,118.5
2026-03-04 11:05:40,0,120.7
2026-03-04 11:05:50,0,121.7
2026-03-04 11:06:00,0,122.5
2026-03-04 11:06:10,0,121.1
2026-03-04 11:06:20,0,121.4
2026-03-04 11:06:30,0,120.9
2026-03-04 11:06:40,0,121.0
2026-03-04 11:06:50,0,120.6
2026-03-04 11:07:00,0,119.1
2026-03-04 11:07:10,0,118.6
2026-03-04 11:07:20,0,118.9
2026-03-04 11:07:30,0,119.0
2026-03-04 11:07:40,0,118.7
2026-03-04 11:07:50,0,119.4
2026-03-04 11:08:00,0,119.1
2026-03-04 11:08:10,0,119.9
2026-03-04 11:08:20,1,119.9
2026-03-04 11:08:30,0,119.7
2026-03-04 11:08:40,0,121.1
2026-03-04 11:08:50,0,120.0
2026-03-04 11:09:00,0,121.8
2026-03-04 11:09:10,0,123.3
2026-03-04 11:09:20,0,124.1
2026-03-04 11:09:30,0,124.4
2026-03-04 11:09:40,2,124.0
2026-03-04 11:09:50,0,125.1
2026-03-04 11:10:00,0,124.0
2026-03-04 11:10:10,0,124.1
2026-03-04 11:10:20,0,125.5
2026-03-04 11:10:30,1,125.4
2026-03-04 11:10:40,0,125.7
2026-03-04 11:10:50,0,124.8
2026-03-04 11:11:00,0,123.9
2026-03-04 11:11:10,0,124.9
2026-03-04 11:11:20,0,124.2
2026-03-04 11:11:30,0,123.4
2026-03-04 11:11:40,0,122.1
2026-03-04 11:11:50,0,121.6
2026-03-04 11:12:00,11,121.7
2026-03-04 11:12:10,11,121.4
2026-03-04 11:12:20,11,122.2
2026-03-04 11:12:30,10,121.5
2026-03-04 11:12:40,10,129.2
2026-03-04 11:12:50,12,128.5
2026-03-04 11:13:00,12,124.5
2026-03-04 11:13:10,10,124.4
2026-03-04 11:13:20,12,125.3
2026-03-04 11:13:30,11,126.4
2026-03-04 11:13:40,11,127.7
2026-03-04 11:13:50,10,127.6
2026-03-04 11:14:00,0,127.0
2026-03-04 11:14:10,0,127.7
2026-03-04 11:14:20,0,126.7
2026-03-04 11:14:30,0,124.9
2026-03-04 11:14:40,0,126.3
2026-03-04 11:14:50,0,124.7
2026-03-04 11:15:00,0,124.9
2026-03-04 11:15:10,0,122.9
2026-03-04 11:15:20,0,122.9
2026-03-04 11:15:30,0,121.8
2026-03-04 11:15:40,0,123.4
2026-03-04 11:15:50,0,122.8
2026-03-04 11:16:00,0,121.3
2026-03-04 11:16:10,0,121.3
2026-03-04 11:16:20,0,120.6
2026-03-04 11:16:30,0,119.8
2026-03-04 11:16:40,0,119.6
2026-03-04 11:16:50,0,118.2
2026-03-04 11:17:00,0,118.8
2026-03-04 11:17:10,0,118.3
2026-03-04 11:17:20,0,117.9
2026-03-04 11:17:30,0,118.1
2026-03-04 11:17:40,0,117.5
2026-03-04 11:17:50,0,116.9
2026-03-04 11:18:00,0,116.6
2026-03-04 11:18:10,0,117.3
2026-03-04 11:18:20,0,117.3
2026-03-04 11:18:30,0,118.6
2026-03-04 11:18:40,0,118.8
2026-03-04 11:18:50,0,118.9
2026-03-04 11:19:00,0,120.1
2026-03-04 11:19:10,0,119.8
2026-03-04 11:19:20,2,119.6
2026-03-04 11:19:30,0,120.4
2026-03-04 11:19:40,0,120.5
2026-03-04 11:19:50,0,121.1
2026-03-04 11:20:00,0,119.9
2026-03-04 11:20:10,2,120.5
2026-03-04 11:20:20,1,122.2
2026-03-04 11:20:30,0,121.0
2026-03-04 11:20:40,0,119.1
2026-03-04 11:20:50,0,119.0
2026-03-04 11:21:00,0,118.6
2026-03-04 11:21:10,0,118.0
2026-03-04 11:21:20,0,119.2
2026-03-04 11:21:30,0,118.2
2026-03-04 11:21:40,0,117.7
2026-03-04 11:21:50,0,119.0
2026-03-04 11:22:00,0,118.4
2026-03-04 11:22:10,0,118.5
2026-03-04 11:22:20,0,118.2
2026-03-04 11:22:30,0,117.9
2026-03-04 11:22:40,0,116.9
2026-03-04 11:22:50,2,116.9
2026-03-04 11:23:00,0,117.3
2026-03-04 11:23:10,0,116.2
2026-03-04 11:23:20,0,114.8
2026-03-04 11:23:30,0,116.2
2026-03-04 11:23:40,0,115.3
2026-03-04 11:23:50,0,116.6
2026-03-04 11:24:00,0,119.0
2026-03-04 11:24:10,0,118.6
2026-03-04 11:24:20,0,118.2
2026-03-04 11:24:30,0,116.8
2026-03-04 11:24:40,0,118.1
2026-03-04 11:24:50,0,117.8
2026-03-04 11:25:00,0,117.0
2026-03-04 11:25:10,0,117.5
2026-03-04 11:25:20,0,117.3
2026-03-04 11:25:30,0,118.3
2026-03-04 11:25:40,0,118.3
2026-03-04 11:25:50,0,118.2
2026-03-04 11:26:00,0,119.9
2026-03-04 11:26:10,0,117.9
2026-03-04 11:26:20,0,118.2
2026-03-04 11:26:30,0,117.5
2026-03-04 11:26:40,0,117.9
2026-03-04 11:26:50,0,117.3
2026-03-04 11:27:00,0,118.6
2026-03-04 11:27:10,0,118.1
2026-03-04 11:27:20,0,117.9
2026-03-04 11:27:30,0,121.2
2026-03-04 11:27:40,0,125.3
2026-03-04 11:27:50,0,129.6
2026-03-04 11:28:00,0,133.4
2026-03-04 11:28:10,0,136.1
2026-03-04 11:28:20,0,139.3
2026-03-04 11:28:30,0,140.6
2026-03-04 11:28:40,0,142.2
2026-03-04 11:28:50,0,141.9
2026-03-04 11:29:00,0,140.7
2026-03-04 11:29:10,0,139.3
2026-03-04 11:29:20,0,138.7
2026-03-04 11:29:30,0,137.9
2026-03-04 11:29:40,0,135.6
2026-03-04 11:29:50,0,135.0
2026-03-04 11:30:00,0,132.2
2026-03-04 11:30:10,0,131.8
2026-03-04 11:30:20,0,129.4
2026-03-04 11:30:30,0,129.8
2026-03-04 11:30:40,1,130.5
2026-03-04 11:30:50,0,130.1
2026-03-04 11:31:00,0,128.8
2026-03-04 11:31:10,0,128.8
2026-03-04 11:31:20,0,128.4
2026-03-04 11:31:30,0,128.0
2026-03-04 11:31:40,0,127.1
2026-03-04 11:31:50,1,126.2
2026-03-04 11:32:00,0,127.1
2026-03-04 11:32:10,0,126.8
2026-03-04 11:32:20,0,126.6
2026-03-04 11:32:30,0,125.4
2026-03-04 11:32:40,0,125.3
2026-03-04 11:32:50,0,124.8
2026-03-04 11:33:00,0,125.2
2026-03-04 11:33:10,0,123.8
2026-03-04 11:33:20,4,129.4
2026-03-04 11:33:30,0,123.1
2026-03-04 11:33:40,0,123.5
2026-03-04 11:33:50,0,123.6
2026-03-04 11:34:00,0,123.6
2026-03-04 11:34:10,0,123.4
2026-03-04 11:34:20,0,121.7
2026-03-04 11:34:30,0,121.5
2026-03-04 11:34:40,0,121.9
2026-03-04 11:34:50,0,120.9
2026-03-04 11:35:00,0,120.5
2026-03-04 11:35:10,0,119.3
2026-03-04 11:35:20,2,118.5
2026-03-04 11:35:30,0,118.1
2026-03-04 11:35:40,0,117.3
2026-03-04 11:35:50,0,116.7
2026-03-04 11:36:00,0,115.6
2026-03-04 11:36:10,0,115.9
2026-03-04 11:36:20,0,114.9
2026-03-04 11:36:30,0,116.1
2026-03-04 11:36:40,0,113.8
2026-03-04 11:36:50,0,113.8
2026-03-04 11:37:00,0,112.5
2026-03-04 11:37:10,0,112.8
2026-03-04 11:37:20,1,110.6
2026-03-04 11:37:30,0,110.8
2026-03-04 11:37:40,0,111.1
2026-03-04 11:37:50,0,108.1
2026-03-04 11:38:00,0,108.8
2026-03-04 11:38:10,0,108.4
2026-03-04 11:38:20,0,107.7
2026-03-04 11:38:30,0,108.0
2026-03-04 11:38:40,0,107.9
2026-03-04 11:38:50,0,108.5
2026-03-04 11:39:00,0,108.7
2026-03-04 11:39:10,0,107.0
2026-03-04 11:39:20,0,106.7
2026-03-04 11:39:30,0,107.6
2026-03-04 11:39:40,0,106.9
2026-03-04 11:39:50,0,104.2
2026-03-04 11:40:00,0,103.2
2026-03-04 11:40:10,0,102.4
2026-03-04 11:40:20,0,102.4
2026-03-04 11:40:30,0,102.5
2026-03-04 11:40:40,0,102.9
2026-03-04 11:40:50,0,101.4
2026-03-04 11:41:00,0,101.2
2026-03-04 11:41:10,0,99.2
2026-03-04 11:41:20,0,97.5
2026-03-04 11:41:30,0,98.6
2026-03-04 11:41:40,0,98.9
2026-03-04 11:41:50,0,99.2
2026-03-04 11:42:00,0,97.7
2026-03-04 11:42:10,0,97.4
2026-03-04 11:42:20,0,98.1
2026-03-04 11:42:30,0,97.6
2026-03-04 11:42:40,0,97.5
2026-03-04 11:42:50,0,98.5
2026-03-04 11:43:00,0,98.9
2026-03-04 11:43:10,0,96.1
2026-03-04 11:43:20,0,95.4
2026-03-04 11:43:30,0,97.0
2026-03-04 11:43:40,0,95.0
2026-03-04 11:43:50,0,96.2
2026-03-04 11:44:00,0,94.9
2026-03-04 11:44:10,0,96.1
2026-03-04 11:44:20,0,96.9
2026-03-04 11:44:30,0,96.4
2026-03-04 11:44:40,0,95.7
2026-03-04 11:44:50,0,93.9
2026-03-04 11:45:00,0,92.9
2026-03-04 11:45:10,0,94.1
2026-03-04 11:45:20,0,93.8
2026-03-04 11:45:30,0,92.2
2026-03-04 11:45:40,0,92.6
2026-03-04 11:45:50,0,92.6
2026-03-04 11:46:00,0,92.0
2026-03-04 11:46:10,0,91.6
2026-03-04 11:46:20,0,91.4
2026-03-04 11:46:30,0,91.2
2026-03-04 11:46:40,2,93.1
2026-03-04 11:46:50,0,91.8
2026-03-04 11:47:00,0,90.2
2026-03-04 11:47:10,0,91.0
2026-03-04 11:47:20,0,89.9
2026-03-04 11:47:30,2,90.1
2026-03-04 11:47:40,0,91.4
2026-03-04 11:47:50,0,91.0
2026-03-04 11:48:00,0,89.7
2026-03-04 11:48:10,0,88.9
2026-03-04 11:48:20,0,89.5
2026-03-04 11:48:30,0,90.1
2026-03-04 11:48:40,0,90.5
2026-03-04 11:48:50,0,88.8
2026-03-04 11:49:00,0,89.6
2026-03-04 11:49:10,0,87.9
2026-03-04 11:49:20,0,87.7
2026-03-04 11:49:30,0,88.1
2026-03-04 11:49:40,0,87.6
2026-03-04 11:49:50,0,87.3
2026-03-04 11:50:00,0,86.7
2026-03-04 11:50:10,0,85.3
2026-03-04 11:50:20,0,85.1
2026-03-04 11:50:30,0,83.8
2026-03-04 11:50:40,0,83.5
2026-03-04 11:50:50,0,85.3
2026-03-04 11:51:00,0,83.6
2026-03-04 11:51:10,0,84.0
2026-03-04 11:51:20,0,83.1
2026-03-04 11:51:30,0,83.0
2026-03-04 11:51:40,0,81.9
2026-03-04 11:51:50,0,79.9
2026-03-04 11:52:00,0,79.7
2026-03-04 11:52:10,0,78.0
2026-03-04 11:52:20,0,79.8
2026-03-04 11:52:30,0,81.5
2026-03-04 11:52:40,0,79.8
2026-03-04 11:52:50,0,81.2
2026-03-04 11:53:00,0,81.0
2026-03-04 11:53:10,0,81.0
2026-03-04 11:53:20,0,81.8
2026-03-04 11:53:30,0,79.6
2026-03-04 11:53:40,0,80.2
2026-03-04 11:53:50,0,78.9
2026-03-04 11:54:00,0,78.2
2026-03-04 11:54:10,0,77.3
2026-03-04 11:54:20,0,78.2
2026-03-04 11:54:30,0,80.4
2026-03-04 11:54:40,0,80.2
2026-03-04 11:54:50,0,78.8
2026-03-04 11:55:00,0,80.2
2026-03-04 11:55:10,0,78.8
2026-03-04 11:55:20,0,79.5
2026-03-04 11:55:30,0,77.5
2026-03-04 11:55:40,0,77.0
2026-03-04 11:55:50,0,75.3
2026-03-04 11:56:00,0,76.0
2026-03-04 11:56:10,0,76.5
2026-03-04 11:56:20,0,76.6
2026-03-04 11:56:30,0,75.9
2026-03-04 11:56:40,0,76.6
2026-03-04 11:56:50,0,76.8
2026-03-04 11:57:00,0,75.5
2026-03-04 11:57:10,0,75.1
2026-03-04 11:57:20,0,75.6
2026-03-04 11:57:30,0,74.4
2026-03-04 11:57:40,0,76.1
2026-03-04 11:57:50,0,75.7
2026-03-04 11:58:00,0,76.2
2026-03-04 11:58:10,0,77.2
2026-03-04 11:58:20,0,76.8
2026-03-04 11:58:30,0,75.8
2026-03-04 11:58:40,0,76.6
2026-03-04 11:58:50,0,76.5
2026-03-04 11:59:00,0,77.3
2026-03-04 11:59:10,0,76.9
2026-03-04 11:59:20,0,76.2
2026-03-04 11:59:30,2,76.0
2026-03-04 11:59:40,0,76.1
2026-03-04 11:59:50,0,76.9
2026-03-04 12:00:00,0,76.6
2026-03-04 12:00:10,0,77.0
2026-03-04 12:00:20,2,76.0
2026-03-04 12:00:30,0,75.9
2026-03-04 12:00:40,0,74.4
2026-03-04 12:00:50,0,75.5
2026-03-04 12:01:00,0,76.9
2026-03-04 12:01:10,0,77.1
2026-03-04 12:01:20,0,75.6
2026-03-04 12:01:30,0,77.5
2026-03-04 12:01:40,0,75.8
2026-03-04 12:01:50,0,76.5
2026-03-04 12:02:00,0,76.2
2026-03-04 12:02:10,0,77.4
2026-03-04 12:02:20,0,77.1
2026-03-04 12:02:30,0,76.8
2026-03-04 12:02:40,0,76.9
2026-03-04 12:02:50,0,77.9
2026-03-04 12:03:00,0,78.1
2026-03-04 12:03:10,0,77.2
2026-03-04 12:03:20,0,79.2
2026-03-04 12:03:30,0,77.9
2026-03-04 12:03:40,1,79.1
2026-03-04 12:03:50,0,78.7
2026-03-04 12:04:00,0,78.7
2026-03-04 12:04:10,0,78.6
2026-03-04 12:04:20,0,76.5
2026-03-04 12:04:30,0,76.8
2026-03-04 12:04:40,0,75.0
2026-03-04 12:04:50,0,74.2
2026-03-04 12:05:00,0,75.1
2026-03-04 12:05:10,0,75.6
2026-03-04 12:05:20,0,76.2
2026-03-04 12:05:30,0,75.9
2026-03-04 12:05:40,0,76.0
2026-03-04 12:05:50,0,77.0
2026-03-04 12:06:00,0,77.6
2026-03-04 12:06:10,0,77.2
2026-03-04 12:06:20,2,76.5
2026-03-04 12:06:30,0,76.7
2026-03-04 12:06:40,0,76.8
2026-03-04 12:06:50,0,74.3
2026-03-04 12:07:00,0,75.7
2026-03-04 12:07:10,0,74.9
2026-03-04 12:07:20,0,74.4
2026-03-04 12:07:30,0,75.8
2026-03-04 12:07:40,0,76.9
2026-03-04 12:07:50,0,77.3
2026-03-04 12:08:00,0,78.0
2026-03-04 12:08:10,0,77.2
2026-03-04 12:08:20,0,78.5
2026-03-04 12:08:30,0,77.7
2026-03-04 12:08:40,0,77.2
2026-03-04 12:08:50,0,77.2
2026-03-04 12:09:00,0,75.9
2026-03-04 12:09:10,0,75.7
2026-03-04 12:09:20,0,77.5
2026-03-04 12:09:30,0,77.8
2026-03-04 12:09:40,0,77.9
2026-03-04 12:09:50,0,78.5
2026-03-04 12:10:00,20,79.2
2026-03-04 12:10:10,19,80.0
2026-03-04 12:10:20,20,79.9
2026-03-04 12:10:30,18,80.2
2026-03-04 12:10:40,19,80.4
2026-03-04 12:10:50,19,83.0
2026-03-04 12:11:00,20,84.2
2026-03-04 12:11:10,19,85.0
2026-03-04 12:11:20,20,86.0
2026-03-04 12:11:30,19,87.8
2026-03-04 12:11:40,19,88.1
2026-03-04 12:11:50,20,88.2
2026-03-04 12:12:00,19,89.0
2026-03-04 12:12:10,20,90.3
2026-03-04 12:12:20,20,90.0
2026-03-04 12:12:30,20,89.2
2026-03-04 12:12:40,19,88.5
2026-03-04 12:12:50,19,88.4
2026-03-04 12:13:00,20,87.7
2026-03-04 12:13:10,19,88.4
2026-03-04 12:13:20,19,88.5
2026-03-04 12:13:30,20,90.1
2026-03-04 12:13:40,18,91.0
2026-03-04 12:13:50,19,91.4
2026-03-04 12:14:00,18,91.5
2026-03-04 12:14:10,20,95.7
2026-03-04 12:14:20,18,91.9
2026-03-04 12:14:30,19,93.0
2026-03-04 12:14:40,19,93.3
2026-03-04 12:14:50,19,91.7
2026-03-04 12:15:00,18,93.1
2026-03-04 12:15:10,18,92.6
2026-03-04 12:15:20,18,93.0
2026-03-04 12:15:30,19,92.5
2026-03-04 12:15:40,19,92.4
2026-03-04 12:15:50,19,94.4
2026-03-04 12:16:00,18,95.2
2026-03-04 12:16:10,17,94.8
2026-03-04 12:16:20,19,93.4
2026-03-04 12:16:30,18,94.4
2026-03-04 12:16:40,18,93.0
2026-03-04 12:16:50,18,94.3
2026-03-04 12:17:00,19,93.9
2026-03-04 12:17:10,18,91.6
2026-03-04 12:17:20,21,92.8
2026-03-04 12:17:30,19,93.5
2026-03-04 12:17:40,20,94.2
2026-03-04 12:17:50,19,93.3
2026-03-04 12:18:00,18,91.1
2026-03-04 12:18:10,19,90.5
2026-03-04 12:18:20,18,92.4
2026-03-04 12:18:30,19,93.3
2026-03-04 12:18:40,18,91.8
2026-03-04 12:18:50,19,91.2
2026-03-04 12:19:00,20,92.4
2026-03-04 12:19:10,18,92.1
2026-03-04 12:19:20,20,91.5
2026-03-04 12:19:30,18,92.9
2026-03-04 12:19:40,20,90.8
2026-03-04 12:19:50,20,92.2
2026-03-04 12:20:00,17,91.0
2026-03-04 12:20:10,21,89.3
2026-03-04 12:20:20,20,90.3
2026-03-04 12:20:30,20,89.5
2026-03-04 12:20:40,17,88.8
2026-03-04 12:20:50,19,87.4
2026-03-04 12:21:00,19,86.3
2026-03-04 12:21:10,21,84.5
2026-03-04 12:21:20,19,83.6
2026-03-04 12:21:30,19,81.4
2026-03-04 12:21:40,19,81.7
2026-03-04 12:21:50,20,80.2
2026-03-04 12:22:00,0,80.7
2026-03-04 12:22:10,0,79.2
2026-03-04 12:22:20,0,79.6
2026-03-04 12:22:30,0,79.4
2026-03-04 12:22:40,0,78.5
2026-03-04 12:22:50,2,78.2
2026-03-04 12:23:00,0,79.9
2026-03-04 12:23:10,0,78.0
2026-03-04 12:23:20,0,78.6
2026-03-04 12:23:30,0,78.1
2026-03-04 12:23:40,0,78.0
2026-03-04 12:23:50,0,77.4
2026-03-04 12:24:00,0,75.9
2026-03-04 12:24:10,0,75.7
2026-03-04 12:24:20,0,76.1
2026-03-04 12:24:30,0,75.7
2026-03-04 12:24:40,0,77.3
2026-03-04 12:24:50,0,76.9
2026-03-04 12:25:00,0,78.1
2026-03-04 12:25:10,0,76.6
2026-03-04 12:25:20,0,76.3
2026-03-04 12:25:30,0,76.3
2026-03-04 12:25:40,0,76.3
2026-03-04 12:25:50,0,76.7
2026-03-04 12:26:00,0,75.9
2026-03-04 12:26:10,0,76.4
2026-03-04 12:26:20,0,75.5
2026-03-04 12:26:30,0,76.6
2026-03-04 12:26:40,0,75.8
2026-03-04 12:26:50,0,77.2
2026-03-04 12:27:00,0,76.4
2026-03-04 12:27:10,0,76.3
2026-03-04 12:27:20,0,74.7
2026-03-04 12:27:30,0,75.7
2026-03-04 12:27:40,0,74.1
2026-03-04 12:27:50,0,75.9
2026-03-04 12:28:00,0,76.8
2026-03-04 12:28:10,0,75.7
2026-03-04 12:28:20,0,75.7
2026-03-04 12:28:30,0,77.2
2026-03-04 12:28:40,0,77.2
2026-03-04 12:28:50,0,77.7
2026-03-04 12:29:00,0,75.2
2026-03-04 12:29:10,0,76.1
2026-03-04 12:29:20,0,77.5
2026-03-04 12:29:30,0,76.1
2026-03-04 12:29:40,0,77.7
2026-03-04 12:29:50,0,76.5
2026-03-04 12:30:00,0,76.8
2026-03-04 12:30:10,0,78.8
2026-03-04 12:30:20,0,76.7
2026-03-04 12:30:30,0,76.5
2026-03-04 12:30:40,0,76.9
2026-03-04 12:30:50,0,77.6
2026-03-04 12:31:00,0,76.8
2026-03-04 12:31:10,0,78.6
2026-03-04 12:31:20,0,77.6
2026-03-04 12:31:30,0,79.2
2026-03-04 12:31:40,0,78.3
2026-03-04 12:31:50,0,76.7
2026-03-04 12:32:00,0,74.8
2026-03-04 12:32:10,0,78.0
2026-03-04 12:32:20,0,77.4
2026-03-04 12:32:30,0,76.6
2026-03-04 12:32:40,0,76.7
2026-03-04 12:32:50,0,77.8
2026-03-04 12:33:00,2,77.6
2026-03-04 12:33:10,0,77.5
2026-03-04 12:33:20,0,77.5
2026-03-04 12:33:30,0,78.0
2026-03-04 12:33:40,4,77.0
2026-03-04 12:33:50,0,75.7
2026-03-04 12:34:00,0,75.0
2026-03-04 12:34:10,0,76.9
2026-03-04 12:34:20,0,78.1
2026-03-04 12:34:30,0,77.9
2026-03-04 12:34:40,0,79.0
2026-03-04 12:34:50,0,79.0
2026-03-04 12:35:00,0,79.3
2026-03-04 12:35:10,0,79.4
2026-03-04 12:35:20,0,80.0
2026-03-04 12:35:30,0,79.8
2026-03-04 12:35:40,0,80.1
2026-03-04 12:35:50,0,79.6
2026-03-04 12:36:00,0,80.4
2026-03-04 12:36:10,0,78.9
2026-03-04 12:36:20,0,79.4
2026-03-04 12:36:30,0,79.6
2026-03-04 12:36:40,0,79.3
2026-03-04 12:36:50,0,80.6
2026-03-04 12:37:00,0,80.3
2026-03-04 12:37:10,0,80.7
2026-03-04 12:37:20,0,81.2
2026-03-04 12:37:30,0,81.0
2026-03-04 12:37:40,2,81.1
2026-03-04 12:37:50,0,79.9
2026-03-04 12:38:00,0,79.4
2026-03-04 12:38:10,0,81.8
2026-03-04 12:38:20,0,81.0
2026-03-04 12:38:30,0,81.0
2026-03-04 12:38:40,0,80.0
2026-03-04 12:38:50,0,79.8
2026-03-04 12:39:00,0,81.1
2026-03-04 12:39:10,0,81.1
2026-03-04 12:39:20,0,81.2
2026-03-04 12:39:30,0,80.8
2026-03-04 12:39:40,0,80.5
2026-03-04 12:39:50,0,81.5
2026-03-04 12:40:00,0,81.0
2026-03-04 12:40:10,0,81.9
2026-03-04 12:40:20,0,81.6
2026-03-04 12:40:30,0,81.5
2026-03-04 12:40:40,0,81.6
2026-03-04 12:40:50,0,81.9
2026-03-04 12:41:00,0,83.6
2026-03-04 12:41:10,0,82.8
2026-03-04 12:41:20,0,82.3
2026-03-04 12:41:30,0,81.8
2026-03-04 12:41:40,0,82.1
2026-03-04 12:41:50,0,81.8
2026-03-04 12:42:00,0,82.1
2026-03-04 12:42:10,0,82.7
2026-03-04 12:42:20,0,82.6
2026-03-04 12:42:30,0,83.3
2026-03-04 12:42:40,0,84.4
2026-03-04 12:42:50,0,82.8
2026-03-04 12:43:00,0,83.3
2026-03-04 12:43:10,0,84.0
2026-03-04 12:43:20,0,85.7
2026-03-04 12:43:30,0,84.6
2026-03-04 12:43:40,0,84.9
2026-03-04 12:43:50,0,84.6
2026-03-04 12:44:00,0,84.6
2026-03-04 12:44:10,0,85.3
2026-03-04 12:44:20,0,85.6
2026-03-04 12:44:30,0,85.2
2026-03-04 12:44:40,0,84.6
2026-03-04 12:44:50,0,85.0
2026-03-04 12:45:00,0,83.5
2026-03-04 12:45:10,0,83.4
2026-03-04 12:45:20,0,84.7
2026-03-04 12:45:30,0,83.5
2026-03-04 12:45:40,0,82.3
2026-03-04 12:45:50,0,82.2
2026-03-04 12:46:00,0,82.0
2026-03-04 12:46:10,0,82.4
2026-03-04 12:46:20,0,84.3
2026-03-04 12:46:30,0,83.4
2026-03-04 12:46:40,0,83.7
2026-03-04 12:46:50,0,84.8
2026-03-04 12:47:00,0,83.0
2026-03-04 12:47:10,0,83.6
2026-03-04 12:47:20,0,84.0
2026-03-04 12:47:30,0,83.2
2026-03-04 12:47:40,0,84.0
2026-03-04 12:47:50,2,84.7
2026-03-04 12:48:00,0,85.6
2026-03-04 12:48:10,0,86.0
2026-03-04 12:48:20,0,85.1
2026-03-04 12:48:30,0,85.6
2026-03-04 12:48:40,0,86.6
2026-03-04 12:48:50,0,86.3
2026-03-04 12:49:00,0,86.6
2026-03-04 12:49:10,0,87.3
2026-03-04 12:49:20,0,87.3
2026-03-04 12:49:30,0,85.9
2026-03-04 12:49:40,0,86.4
2026-03-04 12:49:50,0,86.6
2026-03-04 12:50:00,20,85.6
2026-03-04 12:50:10,19,85.9
2026-03-04 12:50:20,20,86.2
2026-03-04 12:50:30,19,85.4
2026-03-04 12:50:40,20,87.3
2026-03-04 12:50:50,19,86.7
2026-03-04 12:51:00,19,89.4
2026-03-04 12:51:10,20,90.0
2026-03-04 12:51:20,20,89.5
2026-03-04 12:51:30,18,89.6
2026-03-04 12:51:40,19,88.0
2026-03-04 12:51:50,19,89.4
2026-03-04 12:52:00,19,90.8
2026-03-04 12:52:10,20,91.2
2026-03-04 12:52:20,20,90.9
2026-03-04 12:52:30,18,91.4
2026-03-04 12:52:40,19,92.2
2026-03-04 12:52:50,20,92.1
2026-03-04 12:53:00,19,91.9
2026-03-04 12:53:10,19,94.0
2026-03-04 12:53:20,19,92.9
2026-03-04 12:53:30,19,93.6
2026-03-04 12:53:40,19,91.5
2026-03-04 12:53:50,20,92.5
2026-03-04 12:54:00,18,93.0
2026-03-04 12:54:10,18,93.1
2026-03-04 12:54:20,18,93.3
2026-03-04 12:54:30,19,91.8
2026-03-04 12:54:40,17,92.5
2026-03-04 12:54:50,20,93.1
2026-03-04 12:55:00,18,92.1
2026-03-04 12:55:10,20,93.1
2026-03-04 12:55:20,18,91.6
2026-03-04 12:55:30,18,92.3
2026-03-04 12:55:40,18,91.8
2026-03-04 12:55:50,20,92.3
2026-03-04 12:56:00,17,92.7
2026-03-04 12:56:10,19,91.8
2026-03-04 12:56:20,18,91.7
2026-03-04 12:56:30,19,91.0
2026-03-04 12:56:40,19,89.8
2026-03-04 12:56:50,18,89.2
2026-03-04 12:57:00,20,89.4
2026-03-04 12:57:10,19,89.9
2026-03-04 12:57:20,19,89.2
2026-03-04 12:57:30,19,89.6
2026-03-04 12:57:40,18,86.6
2026-03-04 12:57:50,20,86.9
2026-03-04 12:58:00,19,87.2
2026-03-04 12:58:10,20,85.0
2026-03-04 12:58:20,19,85.8
2026-03-04 12:58:30,19,82.6
2026-03-04 12:58:40,19,82.6
2026-03-04 12:58:50,18,82.0
2026-03-04 12:59:00,19,80.9
2026-03-04 12:59:10,17,80.2
2026-03-04 12:59:20,18,81.7
2026-03-04 12:59:30,20,80.9
2026-03-04 12:59:40,18,80.6
2026-03-04 12:59:50,19,80.1
2026-03-04 13:00:00,0,78.9
2026-03-04 13:00:10,0,80.2
2026-03-04 13:00:20,0,79.6
2026-03-04 13:00:30,0,80.2
2026-03-04 13:00:40,0,81.2
2026-03-04 13:00:50,0,79.3
2026-03-04 13:01:00,0,79.8
2026-03-04 13:01:10,0,77.0
2026-03-04 13:01:20,0,77.4
2026-03-04 13:01:30,0,78.1
2026-03-04 13:01:40,0,76.4
2026-03-04 13:01:50,0,77.9
2026-03-04 13:02:00,0,79.4
2026-03-04 13:02:10,0,78.9
2026-03-04 13:02:20,0,80.6
2026-03-04 13:02:30,0,79.4
2026-03-04 13:02:40,0,79.4
2026-03-04 13:02:50,0,81.6
2026-03-04 13:03:00,0,80.1
2026-03-04 13:03:10,0,74.2
2026-03-04 13:03:20,0,79.6
2026-03-04 13:03:30,0,79.9
2026-03-04 13:03:40,0,79.9
2026-03-04 13:03:50,0,79.2
2026-03-04 13:04:00,0,79.7
2026-03-04 13:04:10,0,77.4
2026-03-04 13:04:20,0,79.6
2026-03-04 13:04:30,0,79.4
2026-03-04 13:04:40,0,79.6
2026-03-04 13:04:50,0,78.3
2026-03-04 13:05:00,0,78.8
2026-03-04 13:05:10,0,80.2
2026-03-04 13:05:20,0,78.7
2026-03-04 13:05:30,0,80.7
2026-03-04 13:05:40,0,80.6
2026-03-04 13:05:50,0,79.6
2026-03-04 13:06:00,0,77.8
2026-03-04 13:06:10,0,77.3
2026-03-04 13:06:20,0,77.9
2026-03-04 13:06:30,0,76.8
2026-03-04 13:06:40,0,77.1
2026-03-04 13:06:50,2,77.5
2026-03-04 13:07:00,0,76.6
2026-03-04 13:07:10,0,76.6
2026-03-04 13:07:20,0,77.3
2026-03-04 13:07:30,0,77.7
2026-03-04 13:07:40,0,78.7
2026-03-04 13:07:50,0,77.9
2026-03-04 13:08:00,0,76.6
2026-03-04 13:08:10,0,76.8
2026-03-04 13:08:20,0,75.6
2026-03-04 13:08:30,0,75.6
2026-03-04 13:08:40,0,74.8
2026-03-04 13:08:50,0,75.9
2026-03-04 13:09:00,0,75.3
2026-03-04 13:09:10,0,76.7
2026-03-04 13:09:20,0,77.9
2026-03-04 13:09:30,0,78.3
2026-03-04 13:09:40,0,76.9
2026-03-04 13:09:50,0,77.9
2026-03-04 13:10:00,0,76.5
2026-03-04 13:10:10,0,76.7
2026-03-04 13:10:20,0,76.9
2026-03-04 13:10:30,0,78.4
2026-03-04 13:10:40,2,79.0
2026-03-04 13:10:50,0,77.6
2026-03-04 13:11:00,0,75.0
2026-03-04 13:11:10,0,78.8
2026-03-04 13:11:20,0,79.1
2026-03-04 13:11:30,0,77.3
2026-03-04 13:11:40,0,77.5
2026-03-04 13:11:50,0,76.8
2026-03-04 13:12:00,0,77.7
2026-03-04 13:12:10,0,76.5
2026-03-04 13:12:20,0,75.1
2026-03-04 13:12:30,0,75.7
2026-03-04 13:12:40,0,75.5
2026-03-04 13:12:50,0,78.3
2026-03-04 13:13:00,0,79.6
2026-03-04 13:13:10,0,79.3
2026-03-04 13:13:20,0,76.7
2026-03-04 13:13:30,0,77.2
2026-03-04 13:13:40,0,76.1
2026-03-04 13:13:50,0,75.8
2026-03-04 13:14:00,0,76.4
2026-03-04 13:14:10,0,76.2
2026-03-04 13:14:20,0,77.0
2026-03-04 13:14:30,0,77.5
2026-03-04 13:14:40,0,77.0
2026-03-04 13:14:50,0,77.2
2026-03-04 13:15:00,0,77.6
2026-03-04 13:15:10,0,76.7
2026-03-04 13:15:20,0,77.2
2026-03-04 13:15:30,0,77.5
2026-03-04 13:15:40,0,77.5
2026-03-04 13:15:50,0,75.4
2026-03-04 13:16:00,0,77.6
2026-03-04 13:16:10,0,77.3
2026-03-04 13:16:20,0,79.2
2026-03-04 13:16:30,0,78.0
2026-03-04 13:16:40,0,78.5
2026-03-04 13:16:50,0,79.0
2026-03-04 13:17:00,0,78.4
2026-03-04 13:17:10,0,77.0
2026-03-04 13:17:20,0,77.4
2026-03-04 13:17:30,0,78.2
2026-03-04 13:17:40,0,77.9
2026-03-04 13:17:50,0,79.1
2026-03-04 13:18:00,0,80.7
2026-03-04 13:18:10,0,79.9
2026-03-04 13:18:20,0,78.5
2026-03-04 13:18:30,0,78.9
2026-03-04 13:18:40,0,78.4
2026-03-04 13:18:50,1,76.4
2026-03-04 13:19:00,0,78.0
2026-03-04 13:19:10,0,78.3
2026-03-04 13:19:20,0,77.2
2026-03-04 13:19:30,0,78.0
2026-03-04 13:19:40,0,78.0
2026-03-04 13:19:50,0,77.5
2026-03-04 13:20:00,0,78.1
2026-03-04 13:20:10,0,79.8
2026-03-04 13:20:20,0,80.8
2026-03-04 13:20:30,0,77.7
2026-03-04 13:20:40,0,79.4
2026-03-04 13:20:50,0,80.0
2026-03-04 13:21:00,0,79.7
2026-03-04 13:21:10,0,80.3
2026-03-04 13:21:20,0,79.4
2026-03-04 13:21:30,0,79.8
2026-03-04 13:21:40,0,79.5
2026-03-04 13:21:50,0,79.3
2026-03-04 13:22:00,0,77.5
2026-03-04 13:22:10,0,79.5
2026-03-04 13:22:20,0,78.7
2026-03-04 13:22:30,0,78.5
2026-03-04 13:22:40,0,80.5
2026-03-04 13:22:50,0,78.5
2026-03-04 13:23:00,0,80.0
2026-03-04 13:23:10,0,80.3
2026-03-04 13:23:20,0,80.1
2026-03-04 13:23:30,0,80.7
2026-03-04 13:23:40,0,79.4
2026-03-04 13:23:50,0,78.3
2026-03-04 13:24:00,0,79.8
2026-03-04 13:24:10,1,80.4
2026-03-04 13:24:20,0,80.2
2026-03-04 13:24:30,0,80.0
2026-03-04 13:24:40,0,79.5
2026-03-04 13:24:50,0,78.7
2026-03-04 13:25:00,0,78.4
2026-03-04 13:25:10,0,78.7
2026-03-04 13:25:20,0,81.0
2026-03-04 13:25:30,0,82.9
2026-03-04 13:25:40,0,81.6
2026-03-04 13:25:50,0,81.3
2026-03-04 13:26:00,0,82.4
2026-03-04 13:26:10,0,81.0
2026-03-04 13:26:20,0,81.1
2026-03-04 13:26:30,0,81.8
2026-03-04 13:26:40,1,82.4
2026-03-04 13:26:50,0,81.4
2026-03-04 13:27:00,0,82.1
2026-03-04 13:27:10,0,83.0
2026-03-04 13:27:20,0,83.6
2026-03-04 13:27:30,0,81.9
2026-03-04 13:27:40,0,82.1
2026-03-04 13:27:50,0,82.8
2026-03-04 13:28:00,0,82.0
2026-03-04 13:28:10,0,82.0
2026-03-04 13:28:20,0,81.9
2026-03-04 13:28:30,0,83.2
2026-03-04 13:28:40,0,82.4
2026-03-04 13:28:50,0,84.2
2026-03-04 13:29:00,0,84.1
2026-03-04 13:29:10,0,81.3
2026-03-04 13:29:20,0,83.9
2026-03-04 13:29:30,0,82.2
2026-03-04 13:29:40,0,83.9
2026-03-04 13:29:50,0,82.6
2026-03-04 13:30:00,0,83.6
2026-03-04 13:30:10,0,84.7
2026-03-04 13:30:20,0,84.8
2026-03-04 13:30:30,0,84.6
2026-03-04 13:30:40,0,82.9
2026-03-04 13:30:50,0,82.4
2026-03-04 13:31:00,0,82.2
2026-03-04 13:31:10,0,83.0
2026-03-04 13:31:20,1,84.5
2026-03-04 13:31:30,0,83.9
2026-03-04 13:31:40,0,84.2
2026-03-04 13:31:50,0,85.4
2026-03-04 13:32:00,0,86.6
2026-03-04 13:32:10,0,85.3
2026-03-04 13:32:20,0,83.9
2026-03-04 13:32:30,0,84.6
2026-03-04 13:32:40,0,83.9
2026-03-04 13:32:50,0,83.7
2026-03-04 13:33:00,0,84.3
2026-03-04 13:33:10,0,83.7
2026-03-04 13:33:20,0,83.8
2026-03-04 13:33:30,0,84.3
2026-03-04 13:33:40,0,85.0
2026-03-04 13:33:50,0,85.3
2026-03-04 13:34:00,0,84.8
2026-03-04 13:34:10,0,85.8
2026-03-04 13:34:20,0,84.5
2026-03-04 13:34:30,0,84.9
2026-03-04 13:34:40,0,86.3
2026-03-04 13:34:50,0,87.1
2026-03-04 13:35:00,0,86.0
2026-03-04 13:35:10,0,85.6
2026-03-04 13:35:20,0,86.4
2026-03-04 13:35:30,0,86.1
2026-03-04 13:35:40,0,88.5
2026-03-04 13:35:50,0,90.7
2026-03-04 13:36:00,0,91.2
2026-03-04 13:36:10,0,93.4
2026-03-04 13:36:20,0,97.1
2026-03-04 13:36:30,0,97.7
2026-03-04 13:36:40,0,96.5
2026-03-04 13:36:50,0,95.0
2026-03-04 13:37:00,0,97.2
2026-03-04 13:37:10,0,98.5
2026-03-04 13:37:20,0,97.9
2026-03-04 13:37:30,0,97.9
2026-03-04 13:37:40,0,97.8
2026-03-04 13:37:50,0,97.2
2026-03-04 13:38:00,0,97.1
2026-03-04 13:38:10,0,96.3
2026-03-04 13:38:20,0,96.6
2026-03-04 13:38:30,0,94.2
2026-03-04 13:38:40,0,93.6
2026-03-04 13:38:50,0,93.4
2026-03-04 13:39:00,0,93.1
2026-03-04 13:39:10,0,93.5
2026-03-04 13:39:20,0,93.4
2026-03-04 13:39:30,0,92.9
2026-03-04 13:39:40,0,93.2
2026-03-04 13:39:50,0,92.0
2026-03-04 13:40:00,0,93.8
2026-03-04 13:40:10,0,92.0
2026-03-04 13:40:20,0,91.4
2026-03-04 13:40:30,0,90.5
2026-03-04 13:40:40,0,90.9
2026-03-04 13:40:50,0,91.1
2026-03-04 13:41:00,0,88.6
2026-03-04 13:41:10,0,88.6
2026-03-04 13:41:20,0,89.5
2026-03-04 13:41:30,0,89.0
2026-03-04 13:41:40,0,87.0
2026-03-04 13:41:50,0,87.2
2026-03-04 13:42:00,0,86.6
2026-03-04 13:42:10,0,88.4
2026-03-04 13:42:20,0,87.3
2026-03-04 13:42:30,2,87.2
2026-03-04 13:42:40,0,86.8
2026-03-04 13:42:50,0,85.9
2026-03-04 13:43:00,2,85.3
2026-03-04 13:43:10,0,86.7
2026-03-04 13:43:20,0,86.2
2026-03-04 13:43:30,0,85.5
2026-03-04 13:43:40,1,85.0
2026-03-04 13:43:50,1,84.4
2026-03-04 13:44:00,0,85.5
2026-03-04 13:44:10,0,86.4
2026-03-04 13:44:20,0,85.8
2026-03-04 13:44:30,0,84.3
2026-03-04 13:44:40,0,84.9
2026-03-04 13:44:50,0,84.9
2026-03-04 13:45:00,0,84.1
2026-03-04 13:45:10,0,83.3
2026-03-04 13:45:20,0,84.5
2026-03-04 13:45:30,0,85.6
2026-03-04 13:45:40,0,84.1
2026-03-04 13:45:50,0,82.7
2026-03-04 13:46:00,0,83.4
2026-03-04 13:46:10,0,82.9
2026-03-04 13:46:20,0,82.6
2026-03-04 13:46:30,0,83.4
2026-03-04 13:46:40,0,83.9
2026-03-04 13:46:50,0,84.1
2026-03-04 13:47:00,0,82.3
2026-03-04 13:47:10,0,83.2
2026-03-04 13:47:20,0,82.9
2026-03-04 13:47:30,0,82.4
2026-03-04 13:47:40,0,82.8
2026-03-04 13:47:50,0,81.7
2026-03-04 13:48:00,0,82.2
2026-03-04 13:48:10,0,84.4
2026-03-04 13:48:20,0,83.7
2026-03-04 13:48:30,0,82.7
2026-03-04 13:48:40,0,83.3
2026-03-04 13:48:50,0,83.4
2026-03-04 13:49:00,0,83.6
2026-03-04 13:49:10,0,81.9
2026-03-04 13:49:20,0,82.7
2026-03-04 13:49:30,0,82.1
2026-03-04 13:49:40,0,81.8
2026-03-04 13:49:50,0,82.8
2026-03-04 13:50:00,0,81.0
2026-03-04 13:50:10,0,81.5
2026-03-04 13:50:20,0,82.8
2026-03-04 13:50:30,0,80.9
2026-03-04 13:50:40,1,79.4
2026-03-04 13:50:50,0,81.4
2026-03-04 13:51:00,0,82.8
2026-03-04 13:51:10,0,83.1
2026-03-04 13:51:20,0,82.1
2026-03-04 13:51:30,0,82.8
2026-03-04 13:51:40,0,82.9
2026-03-04 13:51:50,0,82.7
2026-03-04 13:52:00,0,82.5
2026-03-04 13:52:10,0,83.0
2026-03-04 13:52:20,0,82.5
2026-03-04 13:52:30,0,82.5
2026-03-04 13:52:40,0,82.4
2026-03-04 13:52:50,0,82.4
2026-03-04 13:53:00,0,82.3
2026-03-04 13:53:10,0,82.9
2026-03-04 13:53:20,0,82.5
2026-03-04 13:53:30,0,82.6
2026-03-04 13:53:40,0,81.6
2026-03-04 13:53:50,0,80.0
2026-03-04 13:54:00,0,80.0
2026-03-04 13:54:10,0,80.5
2026-03-04 13:54:20,0,80.2
2026-03-04 13:54:30,0,82.1
2026-03-04 13:54:40,0,81.7
2026-03-04 13:54:50,0,81.3
2026-03-04 13:55:00,0,80.6
2026-03-04 13:55:10,0,82.8
2026-03-04 13:55:20,0,83.7
2026-03-04 13:55:30,0,82.2
2026-03-04 13:55:40,0,82.2
2026-03-04 13:55:50,0,82.3
2026-03-04 13:56:00,0,82.7
2026-03-04 13:56:10,0,85.2
2026-03-04 13:56:20,0,83.8
2026-03-04 13:56:30,0,84.1
2026-03-04 13:56:40,0,83.8
2026-03-04 13:56:50,0,83.8
2026-03-04 13:57:00,0,82.7
2026-03-04 13:57:10,0,82.9
2026-03-04 13:57:20,0,83.8
2026-03-04 13:57:30,0,83.4
2026-03-04 13:57:40,0,84.3
2026-03-04 13:57:50,0,84.2
2026-03-04 13:58:00,0,84.1
2026-03-04 13:58:10,0,83.1
2026-03-04 13:58:20,0,84.7
2026-03-04 13:58:30,0,84.0
2026-03-04 13:58:40,0,85.9
2026-03-04 13:58:50,0,85.6
2026-03-04 13:59:00,0,83.7
2026-03-04 13:59:10,0,84.0
2026-03-04 13:59:20,0,85.2
2026-03-04 13:59:30,0,85.1
2026-03-04 13:59:40,0,83.8
2026-03-04 13:59:50,0,81.1
2026-03-04 14:00:00,0,81.6
2026-03-04 14:00:10,0,82.9
2026-03-04 14:00:20,0,83.6
2026-03-04 14:00:30,0,83.8
2026-03-04 14:00:40,0,84.5
2026-03-04 14:00:50,0,83.9
2026-03-04 14:01:00,0,82.8
2026-03-04 14:01:10,0,82.7
2026-03-04 14:01:20,0,83.6
2026-03-04 14:01:30,0,84.0
2026-03-04 14:01:40,0,82.6
2026-03-04 14:01:50,0,82.9
2026-03-04 14:02:00,0,82.1
2026-03-04 14:02:10,0,83.8
2026-03-04 14:02:20,0,83.0
2026-03-04 14:02:30,0,82.8
2026-03-04 14:02:40,0,82.4
2026-03-04 14:02:50,0,82.4
2026-03-04 14:03:00,0,80.2
2026-03-04 14:03:10,0,80.4
2026-03-04 14:03:20,0,80.7
2026-03-04 14:03:30,0,81.0
2026-03-04 14:03:40,0,80.7
2026-03-04 14:03:50,2,80.0
2026-03-04 14:04:00,0,81.2
2026-03-04 14:04:10,0,78.6
2026-03-04 14:04:20,0,77.9
2026-03-04 14:04:30,0,79.6
2026-03-04 14:04:40,0,79.9
2026-03-04 14:04:50,0,80.7
2026-03-04 14:05:00,0,80.6
2026-03-04 14:05:10,0,79.4
2026-03-04 14:05:20,0,78.8
2026-03-04 14:05:30,0,80.5
2026-03-04 14:05:40,0,79.9
2026-03-04 14:05:50,0,79.1
2026-03-04 14:06:00,0,78.9
2026-03-04 14:06:10,0,78.8
2026-03-04 14:06:20,0,78.3
2026-03-04 14:06:30,0,78.5
2026-03-04 14:06:40,0,77.9
2026-03-04 14:06:50,0,77.0
2026-03-04 14:07:00,0,77.9
2026-03-04 14:07:10,0,77.0
2026-03-04 14:07:20,0,77.8
2026-03-04 14:07:30,0,78.8
2026-03-04 14:07:40,0,77.4
2026-03-04 14:07:50,0,78.5
2026-03-04 14:08:00,2,78.1
2026-03-04 14:08:10,0,77.5
2026-03-04 14:08:20,0,76.9
2026-03-04 14:08:30,0,76.3
2026-03-04 14:08:40,0,77.7
2026-03-04 14:08:50,0,77.4
2026-03-04 14:09:00,0,77.1
2026-03-04 14:09:10,0,76.4
2026-03-04 14:09:20,0,76.3
2026-03-04 14:09:30,0,75.4
2026-03-04 14:09:40,0,75.9
2026-03-04 14:09:50,0,76.6
2026-03-04 14:10:00,0,76.5
2026-03-04 14:10:10,0,77.3
2026-03-04 14:10:20,0,75.9
2026-03-04 14:10:30,0,75.7
2026-03-04 14:10:40,0,75.0
2026-03-04 14:10:50,0,76.6
2026-03-04 14:11:00,0,76.2
2026-03-04 14:11:10,0,77.9
2026-03-04 14:11:20,0,77.2
2026-03-04 14:11:30,0,78.2
2026-03-04 14:11:40,0,75.8
2026-03-04 14:11:50,0,77.5
2026-03-04 14:12:00,0,79.0
2026-03-04 14:12:10,0,81.6
2026-03-04 14:12:20,0,79.6
2026-03-04 14:12:30,0,79.0
2026-03-04 14:12:40,0,78.4
2026-03-04 14:12:50,0,78.7
2026-03-04 14:13:00,0,78.5
2026-03-04 14:13:10,0,79.5
2026-03-04 14:13:20,0,77.4
2026-03-04 14:13:30,0,78.5
2026-03-04 14:13:40,0,79.6
2026-03-04 14:13:50,0,79.7
2026-03-04 14:14:00,0,80.7
2026-03-04 14:14:10,0,79.4
2026-03-04 14:14:20,0,79.9
2026-03-04 14:14:30,0,79.2
2026-03-04 14:14:40,1,81.7
2026-03-04 14:14:50,0,81.4
2026-03-04 14:15:00,0,79.9
2026-03-04 14:15:10,0,79.9
2026-03-04 14:15:20,0,85.7
2026-03-04 14:15:30,0,93.1
2026-03-04 14:15:40,0,99.5
2026-03-04 14:15:50,0,105.0
2026-03-04 14:16:00,0,114.3
2026-03-04 14:16:10,0,116.0
2026-03-04 14:16:20,0,119.0
2026-03-04 14:16:30,0,121.6
2026-03-04 14:16:40,0,123.1
2026-03-04 14:16:50,0,123.2
2026-03-04 14:17:00,0,122.5
2026-03-04 14:17:10,0,119.4
2026-03-04 14:17:20,0,118.6
2026-03-04 14:17:30,0,118.2
2026-03-04 14:17:40,0,117.4
2026-03-04 14:17:50,0,117.2
2026-03-04 14:18:00,0,114.9
2026-03-04 14:18:10,0,119.2
2026-03-04 14:18:20,0,120.2
2026-03-04 14:18:30,0,120.3
2026-03-04 14:18:40,0,120.5
2026-03-04 14:18:50,0,120.7
2026-03-04 14:19:00,0,124.5
2026-03-04 14:19:10,0,119.7
2026-03-04 14:19:20,0,118.2
2026-03-04 14:19:30,0,117.2
2026-03-04 14:19:40,0,117.8
2026-03-04 14:19:50,0,118.5
2026-03-04 14:20:00,0,117.4
2026-03-04 14:20:10,0,116.8
2026-03-04 14:20:20,0,115.0
2026-03-04 14:20:30,0,115.8
2026-03-04 14:20:40,0,115.8
2026-03-04 14:20:50,0,115.1
2026-03-04 14:21:00,0,114.3
2026-03-04 14:21:10,0,114.6
2026-03-04 14:21:20,1,113.7
2026-03-04 14:21:30,0,113.7
2026-03-04 14:21:40,0,112.7
2026-03-04 14:21:50,0,111.4
2026-03-04 14:22:00,0,112.5
2026-03-04 14:22:10,2,113.4
2026-03-04 14:22:20,0,111.7
2026-03-04 14:22:30,0,111.2
2026-03-04 14:22:40,0,110.3
2026-03-04 14:22:50,0,110.1
2026-03-04 14:23:00,2,110.0
2026-03-04 14:23:10,0,110.3
2026-03-04 14:23:20,0,109.9
2026-03-04 14:23:30,0,108.9
2026-03-04 14:23:40,0,108.2
2026-03-04 14:23:50,0,106.6
2026-03-04 14:24:00,0,105.1
2026-03-04 14:24:10,0,103.4
2026-03-04 14:24:20,0,104.5
2026-03-04 14:24:30,0,104.6
2026-03-04 14:24:40,0,105.0
2026-03-04 14:24:50,0,104.4
2026-03-04 14:25:00,0,104.5
2026-03-04 14:25:10,0,102.3
2026-03-04 14:25:20,0,101.4
2026-03-04 14:25:30,0,102.3
2026-03-04 14:25:40,0,100.8
2026-03-04 14:25:50,0,100.7
2026-03-04 14:26:00,0,100.5
2026-03-04 14:26:10,0,99.0
2026-03-04 14:26:20,0,98.7
2026-03-04 14:26:30,0,96.6
2026-03-04 14:26:40,0,98.8
2026-03-04 14:26:50,0,96.8
2026-03-04 14:27:00,0,96.6
2026-03-04 14:27:10,0,97.8
2026-03-04 14:27:20,0,98.0
2026-03-04 14:27:30,0,97.8
2026-03-04 14:27:40,0,95.6
2026-03-04 14:27:50,0,96.2
2026-03-04 14:28:00,0,96.2
2026-03-04 14:28:10,0,96.6
2026-03-04 14:28:20,0,96.6
2026-03-04 14:28:30,0,96.4
2026-03-04 14:28:40,0,96.9
2026-03-04 14:28:50,0,95.2
2026-03-04 14:29:00,0,94.5
2026-03-04 14:29:10,0,95.4
2026-03-04 14:29:20,0,93.7
2026-03-04 14:29:30,0,94.3
2026-03-04 14:29:40,0,94.3
2026-03-04 14:29:50,0,94.6
2026-03-04 14:30:00,0,93.8
2026-03-04 14:30:10,2,91.1
2026-03-04 14:30:20,0,92.2
2026-03-04 14:30:30,0,91.5
2026-03-04 14:30:40,0,90.4
2026-03-04 14:30:50,0,90.4
2026-03-04 14:31:00,0,89.8
2026-03-04 14:31:10,0,88.7
2026-03-04 14:31:20,0,88.3
2026-03-04 14:31:30,0,89.3
2026-03-04 14:31:40,0,89.2
2026-03-04 14:31:50,1,89.1
2026-03-04 14:32:00,0,89.6
2026-03-04 14:32:10,0,89.6
2026-03-04 14:32:20,0,89.3
2026-03-04 14:32:30,0,89.6
2026-03-04 14:32:40,0,89.1
2026-03-04 14:32:50,0,91.2
2026-03-04 14:33:00,0,90.6
2026-03-04 14:33:10,0,87.7
2026-03-04 14:33:20,0,89.5
2026-03-04 14:33:30,0,88.8
2026-03-04 14:33:40,0,89.3
2026-03-04 14:33:50,0,90.7
2026-03-04 14:34:00,0,91.0
2026-03-04 14:34:10,0,89.2
2026-03-04 14:34:20,0,89.0
2026-03-04 14:34:30,0,87.5
2026-03-04 14:34:40,0,88.3
2026-03-04 14:34:50,0,87.2
2026-03-04 14:35:00,0,87.6
2026-03-04 14:35:10,3,89.2
2026-03-04 14:35:20,2,88.1
2026-03-04 14:35:30,0,88.0
2026-03-04 14:35:40,0,86.6
2026-03-04 14:35:50,0,87.2
2026-03-04 14:36:00,0,87.6
2026-03-04 14:36:10,1,87.9
2026-03-04 14:36:20,0,87.7
2026-03-04 14:36:30,0,86.5
2026-03-04 14:36:40,0,86.5
2026-03-04 14:36:50,0,86.4
2026-03-04 14:37:00,0,87.7
2026-03-04 14:37:10,0,86.0
2026-03-04 14:37:20,0,86.9
2026-03-04 14:37:30,0,87.8
2026-03-04 14:37:40,0,87.1
2026-03-04 14:37:50,0,85.4
2026-03-04 14:38:00,0,84.4
2026-03-04 14:38:10,0,82.9
2026-03-04 14:38:20,0,87.0
2026-03-04 14:38:30,0,84.6
2026-03-04 14:38:40,0,83.7
2026-03-04 14:38:50,0,84.5
2026-03-04 14:39:00,0,84.9
2026-03-04 14:39:10,0,85.1
2026-03-04 14:39:20,0,83.8
2026-03-04 14:39:30,0,83.7
2026-03-04 14:39:40,0,82.8
2026-03-04 14:39:50,0,81.8
2026-03-04 14:40:00,0,82.4
2026-03-04 14:40:10,0,83.4
2026-03-04 14:40:20,0,82.4
2026-03-04 14:40:30,0,83.6
2026-03-04 14:40:40,0,84.5
2026-03-04 14:40:50,0,83.8
2026-03-04 14:41:00,1,82.5
2026-03-04 14:41:10,0,
2026-03-04 14:41:20,0,
2026-03-04 14:41:30,0,82.2
2026-03-04 14:41:40,0,82.5
2026-03-04 14:41:50,0,80.6
2026-03-04 14:42:00,0,81.6
2026-03-04 14:42:10,0,81.9
2026-03-04 14:42:20,0,82.0
2026-03-04 14:42:30,0,81.8
2026-03-04 14:42:40,0,81.8
2026-03-04 14:42:50,0,81.9
2026-03-04 14:43:00,0,80.9
2026-03-04 14:43:10,0,82.7
2026-03-04 14:43:20,0,80.9
2026-03-04 14:43:30,0,82.1
2026-03-04 14:43:40,0,83.0
2026-03-04 14:43:50,0,83.1
2026-03-04 14:44:00,0,83.1
2026-03-04 14:44:10,0,82.7
2026-03-04 14:44:20,0,81.5
2026-03-04 14:44:30,0,82.8
2026-03-04 14:44:40,0,82.8
2026-03-04 14:44:50,0,81.6
2026-03-04 14:45:00,0,83.0
2026-03-04 14:45:10,0,81.3
2026-03-04 14:45:20,0,81.5
2026-03-04 14:45:30,0,81.0
2026-03-04 14:45:40,0,82.0
2026-03-04 14:45:50,0,82.8
2026-03-04 14:46:00,0,84.0
2026-03-04 14:46:10,0,83.6
2026-03-04 14:46:20,0,82.9
2026-03-04 14:46:30,0,85.8
2026-03-04 14:46:40,0,86.3
2026-03-04 14:46:50,0,85.0
2026-03-04 14:47:00,0,84.7
2026-03-04 14:47:10,0,85.1
2026-03-04 14:47:20,0,86.4
2026-03-04 14:47:30,0,83.8
2026-03-04 14:47:40,0,84.1
2026-03-04 14:47:50,0,84.3
2026-03-04 14:48:00,17,85.1
2026-03-04 14:48:10,18,85.9
2026-03-04 14:48:20,18,87.0
2026-03-04 14:48:30,19,86.9
2026-03-04 14:48:40,18,87.2
2026-03-04 14:48:50,19,88.8
2026-03-04 14:49:00,18,88.6
2026-03-04 14:49:10,20,88.3
2026-03-04 14:49:20,18,88.3
2026-03-04 14:49:30,18,87.7
2026-03-04 14:49:40,18,88.1
2026-03-04 14:49:50,18,90.0
2026-03-04 14:50:00,19,89.0
2026-03-04 14:50:10,18,89.6
2026-03-04 14:50:20,18,91.7
2026-03-04 14:50:30,19,90.9
2026-03-04 14:50:40,17,91.1
2026-03-04 14:50:50,18,90.7
2026-03-04 14:51:00,18,90.7
2026-03-04 14:51:10,17,88.6
2026-03-04 14:51:20,18,86.7
2026-03-04 14:51:30,19,88.3
2026-03-04 14:51:40,18,87.3
2026-03-04 14:51:50,17,86.5
2026-03-04 14:52:00,0,84.6
2026-03-04 14:52:10,0,83.8
2026-03-04 14:52:20,0,84.4
2026-03-04 14:52:30,0,83.2
2026-03-04 14:52:40,0,83.4
2026-03-04 14:52:50,0,83.3
2026-03-04 14:53:00,0,82.7
2026-03-04 14:53:10,0,81.7
2026-03-04 14:53:20,0,82.4
2026-03-04 14:53:30,0,82.2
2026-03-04 14:53:40,0,84.9
2026-03-04 14:53:50,0,81.1
2026-03-04 14:54:00,0,81.3
2026-03-04 14:54:10,0,78.3
2026-03-04 14:54:20,0,79.6
2026-03-04 14:54:30,0,79.6
2026-03-04 14:54:40,0,77.3
2026-03-04 14:54:50,0,78.4
2026-03-04 14:55:00,0,76.9
2026-03-04 14:55:10,0,80.3
2026-03-04 14:55:20,0,80.3
2026-03-04 14:55:30,0,79.6
2026-03-04 14:55:40,0,77.8
2026-03-04 14:55:50,0,79.2
2026-03-04 14:56:00,0,78.1
2026-03-04 14:56:10,0,77.3
2026-03-04 14:56:20,0,76.5
2026-03-04 14:56:30,0,77.4
2026-03-04 14:56:40,0,77.7
2026-03-04 14:56:50,0,77.1
2026-03-04 14:57:00,0,77.7
2026-03-04 14:57:10,0,76.5
2026-03-04 14:57:20,0,76.8
2026-03-04 14:57:30,0,76.6
2026-03-04 14:57:40,0,76.7
2026-03-04 14:57:50,0,76.2
2026-03-04 14:58:00,0,74.8
2026-03-04 14:58:10,0,75.4
2026-03-04 14:58:20,0,74.9
2026-03-04 14:58:30,0,74.9
2026-03-04 14:58:40,0,74.3
2026-03-04 14:58:50,0,73.6
2026-03-04 14:59:00,0,74.0
2026-03-04 14:59:10,0,73.4
2026-03-04 14:59:20,0,73.7
2026-03-04 14:59:30,1,73.1
2026-03-04 14:59:40,0,71.9
2026-03-04 14:59:50,0,73.4
