timestamp,steps
2026-03-04 07:00:00,1
2026-03-04 07:00:10,0
2026-03-04 07:00:20,0
2026-03-04 07:00:30,0
2026-03-04 07:00:40,0
2026-03-04 07:00:50,0
2026-03-04 07:01:00,0
2026-03-04 07:01:10,0
2026-03-04 07:01:20,0
2026-03-04 07:01:30,9
2026-03-04 07:01:40,11
2026-03-04 07:01:50,10
2026-03-04 07:02:00,8
2026-03-04 07:02:10,9
2026-03-04 07:02:20,9
2026-03-04 07:02:30,9
2026-03-04 07:02:40,10
2026-03-04 07:02:50,8
2026-03-04 07:03:00,8
2026-03-04 07:03:10,8
2026-03-04 07:03:20,13
2026-03-04 07:03:30,7
2026-03-04 07:03:40,7
2026-03-04 07:03:50,11
2026-03-04 07:04:00,4
2026-03-04 07:04:10,3
2026-03-04 07:04:20,7
2026-03-04 07:04:30,7
2026-03-04 07:04:40,6
2026-03-04 07:04:50,7
2026-03-04 07:05:00,10
2026-03-04 07:05:10,2
2026-03-04 07:05:20,7
2026-03-04 07:05:30,0
2026-03-04 07:05:40,0
2026-03-04 07:05:50,2
2026-03-04 07:06:00,0
2026-03-04 07:06:10,0
2026-03-04 07:06:20,2
2026-03-04 07:06:30,4
2026-03-04 07:06:40,0
2026-03-04 07:06:50,1
2026-03-04 07:07:00,6
2026-03-04 07:07:10,9
2026-03-04 07:07:20,6
2026-03-04 07:07:30,5
2026-03-04 07:07:40,8
2026-03-04 07:07:50,7
2026-03-04 07:08:00,8
2026-03-04 07:08:10,8
2026-03-04 07:08:20,8
2026-03-04 07:08:30,7
2026-03-04 07:08:40,12
2026-03-04 07:08:50,12
2026-03-04 07:09:00,11
2026-03-04 07:09:10,6
2026-03-04 07:09:20,6
2026-03-04 07:09:30,0
2026-03-04 07:09:40,1
2026-03-04 07:09:50,0
2026-03-04 07:10:00,0
2026-03-04 07:10:10,0
2026-03-04 07:10:20,0
2026-03-04 07:10:30,0
2026-03-04 07:10:40,0
2026-03-04 07:10:50,0
2026-03-04 07:11:00,0
2026-03-04 07:11:10,0
2026-03-04 07:11:20,0
2026-03-04 07:11:30,4
2026-03-04 07:11:40,4
2026-03-04 07:11:50,5
2026-03-04 07:12:00,6
2026-03-04 07:12:10,5
2026-03-04 07:12:20,2
2026-03-04 07:12:30,3
2026-03-04 07:12:40,1
2026-03-04 07:12:50,7
2026-03-04 07:13:00,5
2026-03-04 07:13:10,4
2026-03-04 07:13:20,1
2026-03-04 07:13:30,3
2026-03-04 07:13:40,2
2026-03-04 07:13:50,8
2026-03-04 07:14:00,17
2026-03-04 07:14:10,16
2026-03-04 07:14:20,17
2026-03-04 07:14:30,17
2026-03-04 07:14:40,18
2026-03-04 07:14:50,17
2026-03-04 07:15:00,17
2026-03-04 07:15:10,16
2026-03-04 07:15:20,18
2026-03-04 07:15:30,16
2026-03-04 07:15:40,17
2026-03-04 07:15:50,16
2026-03-04 07:16:00,18
2026-03-04 07:16:10,17
2026-03-04 07:16:20,18
2026-03-04 07:16:30,18
2026-03-04 07:16:40,16
2026-03-04 07:16:50,18
2026-03-04 07:17:00,18
2026-03-04 07:17:10,17
2026-03-04 07:17:20,17
2026-03-04 07:17:30,16
2026-03-04 07:17:40,16
2026-03-04 07:17:50,17
2026-03-04 07:18:00,18
2026-03-04 07:18:10,17
2026-03-04 07:18:20,15
2026-03-04 07:18:30,17
2026-03-04 07:18:40,16
2026-03-04 07:18:50,16
2026-03-04 07:19:00,32
2026-03-04 07:19:10,28
2026-03-04 07:19:20,29
2026-03-04 07:19:30,29
2026-03-04 07:19:40,29
2026-03-04 07:19:50,29
2026-03-04 07:20:00,32
2026-03-04 07:20:10,30
2026-03-04 07:20:20,28
2026-03-04 07:20:30,30
2026-03-04 07:20:40,29
2026-03-04 07:20:50,31
2026-03-04 07:21:00,30
2026-03-04 07:21:10,31
2026-03-04 07:21:20,28
2026-03-04 07:21:30,27
2026-03-04 07:21:40,31
2026-03-04 07:21:50,30
2026-03-04 07:22:00,30
2026-03-04 07:22:10,29
2026-03-04 07:22:20,30
2026-03-04 07:22:30,28
2026-03-04 07:22:40,30
2026-03-04 07:22:50,28
2026-03-04 07:23:00,29
2026-03-04 07:23:10,27
2026-03-04 07:23:20,29
2026-03-04 07:23:30,29
2026-03-04 07:23:40,30
2026-03-04 07:23:50,29
2026-03-04 07:24:00,27
2026-03-04 07:24:10,30
2026-03-04 07:24:20,29
2026-03-04 07:24:30,28
2026-03-04 07:24:40,30
2026-03-04 07:24:50,30
2026-03-04 07:25:00,28
2026-03-04 07:25:10,29
2026-03-04 07:25:20,27
2026-03-04 07:25:30,29
2026-03-04 07:25:40,30
2026-03-04 07:25:50,29
2026-03-04 07:26:00,29
2026-03-04 07:26:10,29
2026-03-04 07:26:20,27
2026-03-04 07:26:30,30
2026-03-04 07:26:40,31
2026-03-04 07:26:50,30
2026-03-04 07:27:00,30
2026-03-04 07:27:10,27
2026-03-04 07:27:20,28
2026-03-04 07:27:30,29
2026-03-04 07:27:40,28
2026-03-04 07:27:50,27
2026-03-04 07:28:00,27
2026-03-04 07:28:10,28
2026-03-04 07:28:20,30
2026-03-04 07:28:30,30
2026-03-04 07:28:40,28
2026-03-04 07:28:50,29
2026-03-04 07:29:00,30
2026-03-04 07:29:10,31
2026-03-04 07:29:20,30
2026-03-04 07:29:30,30
2026-03-04 07:29:40,28
2026-03-04 07:29:50,29
2026-03-04 07:30:00,30
2026-03-04 07:30:10,27
2026-03-04 07:30:20,29
2026-03-04 07:30:30,28
2026-03-04 07:30:40,27
2026-03-04 07:30:50,28
2026-03-04 07:31:00,29
2026-03-04 07:31:10,30
2026-03-04 07:31:20,31
2026-03-04 07:31:30,29
2026-03-04 07:31:40,29
2026-03-04 07:31:50,28
2026-03-04 07:32:00,27
2026-03-04 07:32:10,29
2026-03-04 07:32:20,28
2026-03-04 07:32:30,30
2026-03-04 07:32:40,28
2026-03-04 07:32:50,31
2026-03-04 07:33:00,30
2026-03-04 07:33:10,31
2026-03-04 07:33:20,31
2026-03-04 07:33:30,27
2026-03-04 07:33:40,32
2026-03-04 07:33:50,29
2026-03-04 07:34:00,30
2026-03-04 07:34:10,29
2026-03-04 07:34:20,32
2026-03-04 07:34:30,31
2026-03-04 07:34:40,30
2026-03-04 07:34:50,30
2026-03-04 07:35:00,30
2026-03-04 07:35:10,30
2026-03-04 07:35:20,27
2026-03-04 07:35:30,28
2026-03-04 07:35:40,27
2026-03-04 07:35:50,27
2026-03-04 07:36:00,30
2026-03-04 07:36:10,30
2026-03-04 07:36:20,30
2026-03-04 07:36:30,28
2026-03-04 07:36:40,29
2026-03-04 07:36:50,29
2026-03-04 07:37:00,28
2026-03-04 07:37:10,29
2026-03-04 07:37:20,28
2026-03-04 07:37:30,30
2026-03-04 07:37:40,27
2026-03-04 07:37:50,30
2026-03-04 07:38:00,29
2026-03-04 07:38:10,28
2026-03-04 07:38:20,29
2026-03-04 07:38:30,29
2026-03-04 07:38:40,27
2026-03-04 07:38:50,29
2026-03-04 07:39:00,30
2026-03-04 07:39:10,29
2026-03-04 07:39:20,28
2026-03-04 07:39:30,27
2026-03-04 07:39:40,29
2026-03-04 07:39:50,29
2026-03-04 07:40:00,30
2026-03-04 07:40:10,30
2026-03-04 07:40:20,28
2026-03-04 07:40:30,32
2026-03-04 07:40:40,27
2026-03-04 07:40:50,30
2026-03-04 07:41:00,0
2026-03-04 07:41:10,0
2026-03-04 07:41:20,0
2026-03-04 07:41:30,0
2026-03-04 07:41:40,0
2026-03-04 07:41:50,0
2026-03-04 07:42:00,0
2026-03-04 07:42:10,0
2026-03-04 07:42:20,0
2026-03-04 07:42:30,28
2026-03-04 07:42:40,31
2026-03-04 07:42:50,26
2026-03-04 07:43:00,30
2026-03-04 07:43:10,30
2026-03-04 07:43:20,29
2026-03-04 07:43:30,28
2026-03-04 07:43:40,29
2026-03-04 07:43:50,29
2026-03-04 07:44:00,27
2026-03-04 07:44:10,29
2026-03-04 07:44:20,28
2026-03-04 07:44:30,28
2026-03-04 07:44:40,27
2026-03-04 07:44:50,28
2026-03-04 07:45:00,27
2026-03-04 07:45:10,28
2026-03-04 07:45:20,30
2026-03-04 07:45:30,29
2026-03-04 07:45:40,29
2026-03-04 07:45:50,31
2026-03-04 07:46:00,28
2026-03-04 07:46:10,29
2026-03-04 07:46:20,30
2026-03-04 07:46:30,26
2026-03-04 07:46:40,31
2026-03-04 07:46:50,28
2026-03-04 07:47:00,30
2026-03-04 07:47:10,28
2026-03-04 07:47:20,28
2026-03-04 07:47:30,30
2026-03-04 07:47:40,30
2026-03-04 07:47:50,32
2026-03-04 07:48:00,29
2026-03-04 07:48:10,29
2026-03-04 07:48:20,27
2026-03-04 07:48:30,31
2026-03-04 07:48:40,29
2026-03-04 07:48:50,30
2026-03-04 07:49:00,30
2026-03-04 07:49:10,28
2026-03-04 07:49:20,29
2026-03-04 07:49:30,28
2026-03-04 07:49:40,29
2026-03-04 07:49:50,29
2026-03-04 07:50:00,29
2026-03-04 07:50:10,30
2026-03-04 07:50:20,28
2026-03-04 07:50:30,28
2026-03-04 07:50:40,28
2026-03-04 07:50:50,28
2026-03-04 07:51:00,29
2026-03-04 07:51:10,29
2026-03-04 07:51:20,30
2026-03-04 07:51:30,30
2026-03-04 07:51:40,29
2026-03-04 07:51:50,29
2026-03-04 07:52:00,30
2026-03-04 07:52:10,30
2026-03-04 07:52:20,15
2026-03-04 07:52:30,16
2026-03-04 07:52:40,16
2026-03-04 07:52:50,14
2026-03-04 07:53:00,16
2026-03-04 07:53:10,17
2026-03-04 07:53:20,16
2026-03-04 07:53:30,16
2026-03-04 07:53:40,17
2026-03-04 07:53:50,17
2026-03-04 07:54:00,12
2026-03-04 07:54:10,13
2026-03-04 07:54:20,13
2026-03-04 07:54:30,14
2026-03-04 07:54:40,14
2026-03-04 07:54:50,14
2026-03-04 07:55:00,12
2026-03-04 07:55:10,12
2026-03-04 07:55:20,22
2026-03-04 07:55:30,13
2026-03-04 07:55:40,11
2026-03-04 07:55:50,14
2026-03-04 07:56:00,3
2026-03-04 07:56:10,4
2026-03-04 07:56:20,10
2026-03-04 07:56:30,3
2026-03-04 07:56:40,4
2026-03-04 07:56:50,3
2026-03-04 07:57:00,5
2026-03-04 07:57:10,5
2026-03-04 07:57:20,6
2026-03-04 07:57:30,6
2026-03-04 07:57:40,6
2026-03-04 07:57:50,6
2026-03-04 07:58:00,3
2026-03-04 07:58:10,6
2026-03-04 07:58:20,6
2026-03-04 07:58:30,4
2026-03-04 07:58:40,7
2026-03-04 07:58:50,5
2026-03-04 07:59:00,7
2026-03-04 07:59:10,2
2026-03-04 07:59:20,5
2026-03-04 07:59:30,7
2026-03-04 07:59:40,7
2026-03-04 07:59:50,6
2026-03-04 08:00:00,10
2026-03-04 08:00:10,2
2026-03-04 08:00:20,6
2026-03-04 08:00:30,3
2026-03-04 08:00:40,2
2026-03-04 08:00:50,6
2026-03-04 08:01:00,6
2026-03-04 08:01:10,6
2026-03-04 08:01:20,11
2026-03-04 08:01:30,3
2026-03-04 08:01:40,8
2026-03-04 08:01:50,6
2026-03-04 08:02:00,0
2026-03-04 08:02:10,0
2026-03-04 08:02:20,0
2026-03-04 08:02:30,0
2026-03-04 08:02:40,0
2026-03-04 08:02:50,0
2026-03-04 08:03:00,0
2026-03-04 08:03:10,0
2026-03-04 08:03:20,0
2026-03-04 08:03:30,0
2026-03-04 08:03:40,0
2026-03-04 08:03:50,0
2026-03-04 08:04:00,0
2026-03-04 08:04:10,0
2026-03-04 08:04:20,0
2026-03-04 08:04:30,0
2026-03-04 08:04:40,0
2026-03-04 08:04:50,0
2026-03-04 08:05:00,0
2026-03-04 08:05:10,0
2026-03-04 08:05:20,0
2026-03-04 08:05:30,0
2026-03-04 08:05:40,0
2026-03-04 08:05:50,0
2026-03-04 08:06:00,0
2026-03-04 08:06:10,0
2026-03-04 08:06:20,0
2026-03-04 08:06:30,0
2026-03-04 08:06:40,0
2026-03-04 08:06:50,0
2026-03-04 08:07:00,0
2026-03-04 08:07:10,0
2026-03-04 08:07:20,0
2026-03-04 08:07:30,0
2026-03-04 08:07:40,0
2026-03-04 08:07:50,0
2026-03-04 08:08:00,0
2026-03-04 08:08:10,0
2026-03-04 08:08:20,0
2026-03-04 08:08:30,0
2026-03-04 08:08:40,0
2026-03-04 08:08:50,0
2026-03-04 08:09:00,0
2026-03-04 08:09:10,2
2026-03-04 08:09:20,1
2026-03-04 08:09:30,0
2026-03-04 08:09:40,0
2026-03-04 08:09:50,0
2026-03-04 08:10:00,0
2026-03-04 08:10:10,0
2026-03-04 08:10:20,0
2026-03-04 08:10:30,0
2026-03-04 08:10:40,0
2026-03-04 08:10:50,0
2026-03-04 08:11:00,0
2026-03-04 08:11:10,0
2026-03-04 08:11:20,0
2026-03-04 08:11:30,0
2026-03-04 08:11:40,0
2026-03-04 08:11:50,0
2026-03-04 08:12:00,0
2026-03-04 08:12:10,0
2026-03-04 08:12:20,1
2026-03-04 08:12:30,0
2026-03-04 08:12:40,0
2026-03-04 08:12:50,0
2026-03-04 08:13:00,0
2026-03-04 08:13:10,0
2026-03-04 08:13:20,0
2026-03-04 08:13:30,0
2026-03-04 08:13:40,0
2026-03-04 08:13:50,0
2026-03-04 08:14:00,0
2026-03-04 08:14:10,0
2026-03-04 08:14:20,0
2026-03-04 08:14:30,0
2026-03-04 08:14:40,0
2026-03-04 08:14:50,0
2026-03-04 08:15:00,0
2026-03-04 08:15:10,2
2026-03-04 08:15:20,0
2026-03-04 08:15:30,0
2026-03-04 08:15:40,0
2026-03-04 08:15:50,0
2026-03-04 08:16:00,0
2026-03-04 08:16:10,0
2026-03-04 08:16:20,0
2026-03-04 08:16:30,0
2026-03-04 08:16:40,0
2026-03-04 08:16:50,0
2026-03-04 08:17:00,0
2026-03-04 08:17:10,0
2026-03-04 08:17:20,0
2026-03-04 08:17:30,0
2026-03-04 08:17:40,0
2026-03-04 08:17:50,0
2026-03-04 08:18:00,0
2026-03-04 08:18:10,0
2026-03-04 08:18:20,0
2026-03-04 08:18:30,0
2026-03-04 08:18:40,0
2026-03-04 08:18:50,0
2026-03-04 08:19:00,0
2026-03-04 08:19:10,0
2026-03-04 08:19:20,0
2026-03-04 08:19:30,0
2026-03-04 08:19:40,0
2026-03-04 08:19:50,0
2026-03-04 08:20:00,0
2026-03-04 08:20:10,0
2026-03-04 08:20:20,0
2026-03-04 08:20:30,1
2026-03-04 08:20:40,0
2026-03-04 08:20:50,0
2026-03-04 08:21:00,0
2026-03-04 08:21:10,0
2026-03-04 08:21:20,0
2026-03-04 08:21:30,0
2026-03-04 08:21:40,0
2026-03-04 08:21:50,0
2026-03-04 08:22:00,0
2026-03-04 08:22:10,0
2026-03-04 08:22:20,0
2026-03-04 08:22:30,0
2026-03-04 08:22:40,0
2026-03-04 08:22:50,0
2026-03-04 08:23:00,0
2026-03-04 08:23:10,0
2026-03-04 08:23:20,0
2026-03-04 08:23:30,0
2026-03-04 08:23:40,0
2026-03-04 08:23:50,0
2026-03-04 08:24:00,0
2026-03-04 08:24:10,0
2026-03-04 08:24:20,0
2026-03-04 08:24:30,0
2026-03-04 08:24:40,0
2026-03-04 08:24:50,0
2026-03-04 08:25:00,0
2026-03-04 08:25:10,0
2026-03-04 08:25:20,0
2026-03-04 08:25:30,0
2026-03-04 08:25:40,0
2026-03-04 08:25:50,0
2026-03-04 08:26:00,0
2026-03-04 08:26:10,0
2026-03-04 08:26:20,0
2026-03-04 08:26:30,0
2026-03-04 08:26:40,0
2026-03-04 08:26:50,0
2026-03-04 08:27:00,0
2026-03-04 08:27:10,0
2026-03-04 08:27:20,0
2026-03-04 08:27:30,0
2026-03-04 08:27:40,0
2026-03-04 08:27:50,0
2026-03-04 08:28:00,0
2026-03-04 08:28:10,0
2026-03-04 08:28:20,0
2026-03-04 08:28:30,0
2026-03-04 08:28:40,0
2026-03-04 08:28:50,0
2026-03-04 08:29:00,0
2026-03-04 08:29:10,0
2026-03-04 08:29:20,0
2026-03-04 08:29:30,0
2026-03-04 08:29:40,0
2026-03-04 08:29:50,0
2026-03-04 08:30:00,1
2026-03-04 08:30:10,0
2026-03-04 08:30:20,0
2026-03-04 08:30:30,0
2026-03-04 08:30:40,0
2026-03-04 08:30:50,0
2026-03-04 08:31:00,0
2026-03-04 08:31:10,0
2026-03-04 08:31:20,0
2026-03-04 08:31:30,0
2026-03-04 08:31:40,2
2026-03-04 08:31:50,1
2026-03-04 08:32:00,0
2026-03-04 08:32:10,1
2026-03-04 08:32:20,0
2026-03-04 08:32:30,0
2026-03-04 08:32:40,0
2026-03-04 08:32:50,0
2026-03-04 08:33:00,0
2026-03-04 08:33:10,0
2026-03-04 08:33:20,0
2026-03-04 08:33:30,0
2026-03-04 08:33:40,0
2026-03-04 08:33:50,0
2026-03-04 08:34:00,0
2026-03-04 08:34:10,0
2026-03-04 08:34:20,0
2026-03-04 08:34:30,0
2026-03-04 08:34:40,0
2026-03-04 08:34:50,0
2026-03-04 08:35:00,0
2026-03-04 08:35:10,0
2026-03-04 08:35:20,0
2026-03-04 08:35:30,0
2026-03-04 08:35:40,0
2026-03-04 08:35:50,0
2026-03-04 08:36:00,0
2026-03-04 08:36:10,0
2026-03-04 08:36:20,0
2026-03-04 08:36:30,0
2026-03-04 08:36:40,0
2026-03-04 08:36:50,0
2026-03-04 08:37:00,0
2026-03-04 08:37:10,0
2026-03-04 08:37:20,0
2026-03-04 08:37:30,0
2026-03-04 08:37:40,0
2026-03-04 08:37:50,2
2026-03-04 08:38:00,0
2026-03-04 08:38:10,0
2026-03-04 08:38:20,0
2026-03-04 08:38:30,0
2026-03-04 08:38:40,0
2026-03-04 08:38:50,0
2026-03-04 08:39:00,0
2026-03-04 08:39:10,0
2026-03-04 08:39:20,0
2026-03-04 08:39:30,0
2026-03-04 08:39:40,0
2026-03-04 08:39:50,0
2026-03-04 08:40:00,0
2026-03-04 08:40:10,0
2026-03-04 08:40:20,0
2026-03-04 08:40:30,0
2026-03-04 08:40:40,0
2026-03-04 08:40:50,0
2026-03-04 08:41:00,0
2026-03-04 08:41:10,0
2026-03-04 08:41:20,0
2026-03-04 08:41:30,0
2026-03-04 08:41:40,0
2026-03-04 08:41:50,0
2026-03-04 08:42:00,0
2026-03-04 08:42:10,0
2026-03-04 08:42:20,0
2026-03-04 08:42:30,0
2026-03-04 08:42:40,0
2026-03-04 08:42:50,0
2026-03-04 08:43:00,0
2026-03-04 08:43:10,0
2026-03-04 08:43:20,0
2026-03-04 08:43:30,0
2026-03-04 08:43:40,0
2026-03-04 08:43:50,0
2026-03-04 08:44:00,0
2026-03-04 08:44:10,1
2026-03-04 08:44:20,0
2026-03-04 08:44:30,0
2026-03-04 08:44:40,0
2026-03-04 08:44:50,0
2026-03-04 08:45:00,0
2026-03-04 08:45:10,0
2026-03-04 08:45:20,0
2026-03-04 08:45:30,0
2026-03-04 08:45:40,0
2026-03-04 08:45:50,2
2026-03-04 08:46:00,0
2026-03-04 08:46:10,0
2026-03-04 08:46:20,0
2026-03-04 08:46:30,0
2026-03-04 08:46:40,0
2026-03-04 08:46:50,0
2026-03-04 08:47:00,0
2026-03-04 08:47:10,0
2026-03-04 08:47:20,0
2026-03-04 08:47:30,0
2026-03-04 08:47:40,0
2026-03-04 08:47:50,0
2026-03-04 08:48:00,0
2026-03-04 08:48:10,0
2026-03-04 08:48:20,0
2026-03-04 08:48:30,0
2026-03-04 08:48:40,0
2026-03-04 08:48:50,0
2026-03-04 08:49:00,0
2026-03-04 08:49:10,0
2026-03-04 08:49:20,0
2026-03-04 08:49:30,0
2026-03-04 08:49:40,0
2026-03-04 08:49:50,0
2026-03-04 08:50:00,0
2026-03-04 08:50:10,0
2026-03-04 08:50:20,0
2026-03-04 08:50:30,0
2026-03-04 08:50:40,0
2026-03-04 08:50:50,0
2026-03-04 08:51:00,0
2026-03-04 08:51:10,0
2026-03-04 08:51:20,0
2026-03-04 08:51:30,0
2026-03-04 08:51:40,0
2026-03-04 08:51:50,0
2026-03-04 08:52:00,0
2026-03-04 08:52:10,0
2026-03-04 08:52:20,0
2026-03-04 08:52:30,0
2026-03-04 08:52:40,0
2026-03-04 08:52:50,0
2026-03-04 08:53:00,0
2026-03-04 08:53:10,0
2026-03-04 08:53:20,0
2026-03-04 08:53:30,0
2026-03-04 08:53:40,0
2026-03-04 08:53:50,0
2026-03-04 08:54:00,0
2026-03-04 08:54:10,0
2026-03-04 08:54:20,0
2026-03-04 08:54:30,0
2026-03-04 08:54:40,0
2026-03-04 08:54:50,0
2026-03-04 08:55:00,16
2026-03-04 08:55:10,16
2026-03-04 08:55:20,17
2026-03-04 08:55:30,16
2026-03-04 08:55:40,17
2026-03-04 08:55:50,18
2026-03-04 08:56:00,18
2026-03-04 08:56:10,16
2026-03-04 08:56:20,17
2026-03-04 08:56:30,18
2026-03-04 08:56:40,17
2026-03-04 08:56:50,17
2026-03-04 08:57:00,16
2026-03-04 08:57:10,17
2026-03-04 08:57:20,17
2026-03-04 08:57:30,17
2026-03-04 08:57:40,16
2026-03-04 08:57:50,16
2026-03-04 08:58:00,17
2026-03-04 08:58:10,17
2026-03-04 08:58:20,16
2026-03-04 08:58:30,0
2026-03-04 08:58:40,0
2026-03-04 08:58:50,0
2026-03-04 08:59:00,0
2026-03-04 08:59:10,0
2026-03-04 08:59:20,0
2026-03-04 08:59:30,0
2026-03-04 08:59:40,0
2026-03-04 08:59:50,0
2026-03-04 09:00:00,0
2026-03-04 09:00:10,0
2026-03-04 09:00:20,0
2026-03-04 09:00:30,0
2026-03-04 09:00:40,0
2026-03-04 09:00:50,0
2026-03-04 09:01:00,0
2026-03-04 09:01:10,0
2026-03-04 09:01:20,0
2026-03-04 09:01:30,0
2026-03-04 09:01:40,0
2026-03-04 09:01:50,0
2026-03-04 09:02:00,0
2026-03-04 09:02:10,0
2026-03-04 09:02:20,0
2026-03-04 09:02:30,0
2026-03-04 09:02:40,0
2026-03-04 09:02:50,0
2026-03-04 09:03:00,0
2026-03-04 09:03:10,0
2026-03-04 09:03:20,0
2026-03-04 09:03:30,0
2026-03-04 09:03:40,0
2026-03-04 09:03:50,0
2026-03-04 09:04:00,0
2026-03-04 09:04:10,2
2026-03-04 09:04:20,0
2026-03-04 09:04:30,0
2026-03-04 09:04:40,0
2026-03-04 09:04:50,0
2026-03-04 09:05:00,0
2026-03-04 09:05:10,0
2026-03-04 09:05:20,0
2026-03-04 09:05:30,0
2026-03-04 09:05:40,0
2026-03-04 09:05:50,0
2026-03-04 09:06:00,0
2026-03-04 09:06:10,0
2026-03-04 09:06:20,0
2026-03-04 09:06:30,0
2026-03-04 09:06:40,0
2026-03-04 09:06:50,0
2026-03-04 09:07:00,0
2026-03-04 09:07:10,0
2026-03-04 09:07:20,0
2026-03-04 09:07:30,0
2026-03-04 09:07:40,0
2026-03-04 09:07:50,0
2026-03-04 09:08:00,0
2026-03-04 09:08:10,0
2026-03-04 09:08:20,0
2026-03-04 09:08:30,0
2026-03-04 09:08:40,0
2026-03-04 09:08:50,0
2026-03-04 09:09:00,0
2026-03-04 09:09:10,0
2026-03-04 09:09:20,0
2026-03-04 09:09:30,0
2026-03-04 09:09:40,0
2026-03-04 09:09:50,0
2026-03-04 09:10:00,0
2026-03-04 09:10:10,2
2026-03-04 09:10:20,0
2026-03-04 09:10:30,0
2026-03-04 09:10:40,0
2026-03-04 09:10:50,0
2026-03-04 09:11:00,1
2026-03-04 09:11:10,0
2026-03-04 09:11:20,0
2026-03-04 09:11:30,0
2026-03-04 09:11:40,0
2026-03-04 09:11:50,0
2026-03-04 09:12:00,0
2026-03-04 09:12:10,0
2026-03-04 09:12:20,0
2026-03-04 09:12:30,0
2026-03-04 09:12:40,1
2026-03-04 09:12:50,0
2026-03-04 09:13:00,0
2026-03-04 09:13:10,0
2026-03-04 09:13:20,0
2026-03-04 09:13:30,0
2026-03-04 09:13:40,0
2026-03-04 09:13:50,0
2026-03-04 09:14:00,1
2026-03-04 09:14:10,0
2026-03-04 09:14:20,0
2026-03-04 09:14:30,0
2026-03-04 09:14:40,0
2026-03-04 09:14:50,0
2026-03-04 09:15:00,0
2026-03-04 09:15:10,0
2026-03-04 09:15:20,0
2026-03-04 09:15:30,0
2026-03-04 09:15:40,0
2026-03-04 09:15:50,0
2026-03-04 09:16:00,0
2026-03-04 09:16:10,0
2026-03-04 09:16:20,0
2026-03-04 09:16:30,0
2026-03-04 09:16:40,0
2026-03-04 09:16:50,0
2026-03-04 09:17:00,0
2026-03-04 09:17:10,0
2026-03-04 09:17:20,0
2026-03-04 09:17:30,0
2026-03-04 09:17:40,0
2026-03-04 09:17:50,0
2026-03-04 09:18:00,0
2026-03-04 09:18:10,0
2026-03-04 09:18:20,0
2026-03-04 09:18:30,0
2026-03-04 09:18:40,0
2026-03-04 09:18:50,0
2026-03-04 09:19:00,0
2026-03-04 09:19:10,0
2026-03-04 09:19:20,0
2026-03-04 09:19:30,0
2026-03-04 09:19:40,0
2026-03-04 09:19:50,1
2026-03-04 09:20:00,0
2026-03-04 09:20:10,0
2026-03-04 09:20:20,0
2026-03-04 09:20:30,0
2026-03-04 09:20:40,0
2026-03-04 09:20:50,0
2026-03-04 09:21:00,0
2026-03-04 09:21:10,0
2026-03-04 09:21:20,0
2026-03-04 09:21:30,0
2026-03-04 09:21:40,0
2026-03-04 09:21:50,0
2026-03-04 09:22:00,0
2026-03-04 09:22:10,0
2026-03-04 09:22:20,0
2026-03-04 09:22:30,0
2026-03-04 09:22:40,0
2026-03-04 09:22:50,0
2026-03-04 09:23:00,0
2026-03-04 09:23:10,0
2026-03-04 09:23:20,0
2026-03-04 09:23:30,0
2026-03-04 09:23:40,0
2026-03-04 09:23:50,0
2026-03-04 09:24:00,0
2026-03-04 09:24:10,0
2026-03-04 09:24:20,0
2026-03-04 09:24:30,0
2026-03-04 09:24:40,0
2026-03-04 09:24:50,0
2026-03-04 09:25:00,0
2026-03-04 09:25:10,1
2026-03-04 09:25:20,0
2026-03-04 09:25:30,0
2026-03-04 09:25:40,0
2026-03-04 09:25:50,0
2026-03-04 09:26:00,0
2026-03-04 09:26:10,1
2026-03-04 09:26:20,0
2026-03-04 09:26:30,0
2026-03-04 09:26:40,0
2026-03-04 09:26:50,0
2026-03-04 09:27:00,0
2026-03-04 09:27:10,0
2026-03-04 09:27:20,0
2026-03-04 09:27:30,0
2026-03-04 09:27:40,0
2026-03-04 09:27:50,0
2026-03-04 09:28:00,0
2026-03-04 09:28:10,0
2026-03-04 09:28:20,0
2026-03-04 09:28:30,0
2026-03-04 09:28:40,0
2026-03-04 09:28:50,0
2026-03-04 09:29:00,0
2026-03-04 09:29:10,0
2026-03-04 09:29:20,0
2026-03-04 09:29:30,0
2026-03-04 09:29:40,0
2026-03-04 09:29:50,0
2026-03-04 09:30:00,0
2026-03-04 09:30:10,0
2026-03-04 09:30:20,0
2026-03-04 09:30:30,0
2026-03-04 09:30:40,0
2026-03-04 09:30:50,0
2026-03-04 09:31:00,0
2026-03-04 09:31:10,0
2026-03-04 09:31:20,0
2026-03-04 09:31:30,0
2026-03-04 09:31:40,0
2026-03-04 09:31:50,0
2026-03-04 09:32:00,0
2026-03-04 09:32:10,0
2026-03-04 09:32:20,0
2026-03-04 09:32:30,0
2026-03-04 09:32:40,0
2026-03-04 09:32:50,0
2026-03-04 09:33:00,0
2026-03-04 09:33:10,0
2026-03-04 09:33:20,0
2026-03-04 09:33:30,0
2026-03-04 09:33:40,0
2026-03-04 09:33:50,0
2026-03-04 09:34:00,0
2026-03-04 09:34:10,0
2026-03-04 09:34:20,0
2026-03-04 09:34:30,0
2026-03-04 09:34:40,0
2026-03-04 09:34:50,0
2026-03-04 09:35:00,0
2026-03-04 09:35:10,0
2026-03-04 09:35:20,0
2026-03-04 09:35:30,0
2026-03-04 09:35:40,0
2026-03-04 09:35:50,0
2026-03-04 09:36:00,0
2026-03-04 09:36:10,0
2026-03-04 09:36:20,0
2026-03-04 09:36:30,0
2026-03-04 09:36:40,0
2026-03-04 09:36:50,0
2026-03-04 09:37:00,0
2026-03-04 09:37:10,0
2026-03-04 09:37:20,0
2026-03-04 09:37:30,0
2026-03-04 09:37:40,0
2026-03-04 09:37:50,0
2026-03-04 09:38:00,0
2026-03-04 09:38:10,0
2026-03-04 09:38:20,0
2026-03-04 09:38:30,0
2026-03-04 09:38:40,0
2026-03-04 09:38:50,0
2026-03-04 09:39:00,1
2026-03-04 09:39:10,0
2026-03-04 09:39:20,0
2026-03-04 09:39:30,0
2026-03-04 09:39:40,0
2026-03-04 09:39:50,0
2026-03-04 09:40:00,0
2026-03-04 09:40:10,0
2026-03-04 09:40:20,0
2026-03-04 09:40:30,0
2026-03-04 09:40:40,0
2026-03-04 09:40:50,0
2026-03-04 09:41:00,0
2026-03-04 09:41:10,0
2026-03-04 09:41:20,1
2026-03-04 09:41:30,0
2026-03-04 09:41:40,0
2026-03-04 09:41:50,0
2026-03-04 09:42:00,0
2026-03-04 09:42:10,0
2026-03-04 09:42:20,2
2026-03-04 09:42:30,0
2026-03-04 09:42:40,0
2026-03-04 09:42:50,0
2026-03-04 09:43:00,1
2026-03-04 09:43:10,0
2026-03-04 09:43:20,0
2026-03-04 09:43:30,0
2026-03-04 09:43:40,0
2026-03-04 09:43:50,0
2026-03-04 09:44:00,0
2026-03-04 09:44:10,0
2026-03-04 09:44:20,0
2026-03-04 09:44:30,0
2026-03-04 09:44:40,0
2026-03-04 09:44:50,0
2026-03-04 09:45:00,0
2026-03-04 09:45:10,0
2026-03-04 09:45:20,0
2026-03-04 09:45:30,0
2026-03-04 09:45:40,0
2026-03-04 09:45:50,0
2026-03-04 09:46:00,0
2026-03-04 09:46:10,0
2026-03-04 09:46:20,0
2026-03-04 09:46:30,0
2026-03-04 09:46:40,0
2026-03-04 09:46:50,0
2026-03-04 09:47:00,0
2026-03-04 09:47:10,0
2026-03-04 09:47:20,0
2026-03-04 09:47:30,0
2026-03-04 09:47:40,0
2026-03-04 09:47:50,0
2026-03-04 09:48:00,0
2026-03-04 09:48:10,0
2026-03-04 09:48:20,0
2026-03-04 09:48:30,0
2026-03-04 09:48:40,0
2026-03-04 09:48:50,0
2026-03-04 09:49:00,0
2026-03-04 09:49:10,0
2026-03-04 09:49:20,0
2026-03-04 09:49:30,0
2026-03-04 09:49:40,2
2026-03-04 09:49:50,0
2026-03-04 09:50:00,0
2026-03-04 09:50:10,0
2026-03-04 09:50:20,0
2026-03-04 09:50:30,0
2026-03-04 09:50:40,0
2026-03-04 09:50:50,0
2026-03-04 09:51:00,0
2026-03-04 09:51:10,0
2026-03-04 09:51:20,0
2026-03-04 09:51:30,0
2026-03-04 09:51:40,0
2026-03-04 09:51:50,0
2026-03-04 09:52:00,0
2026-03-04 09:52:10,0
2026-03-04 09:52:20,0
2026-03-04 09:52:30,0
2026-03-04 09:52:40,0
2026-03-04 09:52:50,0
2026-03-04 09:53:00,0
2026-03-04 09:53:10,0
2026-03-04 09:53:20,0
2026-03-04 09:53:30,0
2026-03-04 09:53:40,0
2026-03-04 09:53:50,0
2026-03-04 09:54:00,0
2026-03-04 09:54:10,0
2026-03-04 09:54:20,0
2026-03-04 09:54:30,0
2026-03-04 09:54:40,0
2026-03-04 09:54:50,2
2026-03-04 09:55:00,0
2026-03-04 09:55:10,0
2026-03-04 09:55:20,0
2026-03-04 09:55:30,2
2026-03-04 09:55:40,0
2026-03-04 09:55:50,0
2026-03-04 09:56:00,0
2026-03-04 09:56:10,0
2026-03-04 09:56:20,0
2026-03-04 09:56:30,0
2026-03-04 09:56:40,0
2026-03-04 09:56:50,0
2026-03-04 09:57:00,0
2026-03-04 09:57:10,0
2026-03-04 09:57:20,0
2026-03-04 09:57:30,0
2026-03-04 09:57:40,0
2026-03-04 09:57:50,0
2026-03-04 09:58:00,0
2026-03-04 09:58:10,0
2026-03-04 09:58:20,0
2026-03-04 09:58:30,0
2026-03-04 09:58:40,0
2026-03-04 09:58:50,0
2026-03-04 09:59:00,0
2026-03-04 09:59:10,0
2026-03-04 09:59:20,0
2026-03-04 09:59:30,0
2026-03-04 09:59:40,0
2026-03-04 09:59:50,0
2026-03-04 10:00:00,0
2026-03-04 10:00:10,1
2026-03-04 10:00:20,0
2026-03-04 10:00:30,0
2026-03-04 10:00:40,0
2026-03-04 10:00:50,0
2026-03-04 10:01:00,0
2026-03-04 10:01:10,0
2026-03-04 10:01:20,0
2026-03-04 10:01:30,0
2026-03-04 10:01:40,0
2026-03-04 10:01:50,0
2026-03-04 10:02:00,0
2026-03-04 10:02:10,0
2026-03-04 10:02:20,0
2026-03-04 10:02:30,0
2026-03-04 10:02:40,0
2026-03-04 10:02:50,0
2026-03-04 10:03:00,0
2026-03-04 10:03:10,0
2026-03-04 10:03:20,0
2026-03-04 10:03:30,2
2026-03-04 10:03:40,0
2026-03-04 10:03:50,0
2026-03-04 10:04:00,0
2026-03-04 10:04:10,0
2026-03-04 10:04:20,0
2026-03-04 10:04:30,0
2026-03-04 10:04:40,0
2026-03-04 10:04:50,0
2026-03-04 10:05:00,2
2026-03-04 10:05:10,0
2026-03-04 10:05:20,0
2026-03-04 10:05:30,1
2026-03-04 10:05:40,6
2026-03-04 10:05:50,5
2026-03-04 10:06:00,2
2026-03-04 10:06:10,0
2026-03-04 10:06:20,0
2026-03-04 10:06:30,0
2026-03-04 10:06:40,0
2026-03-04 10:06:50,0
2026-03-04 10:07:00,0
2026-03-04 10:07:10,0
2026-03-04 10:07:20,0
2026-03-04 10:07:30,0
2026-03-04 10:07:40,0
2026-03-04 10:07:50,0
2026-03-04 10:08:00,0
2026-03-04 10:08:10,1
2026-03-04 10:08:20,0
2026-03-04 10:08:30,0
2026-03-04 10:08:40,0
2026-03-04 10:08:50,0
2026-03-04 10:09:00,0
2026-03-04 10:09:10,0
2026-03-04 10:09:20,0
2026-03-04 10:09:30,0
2026-03-04 10:09:40,0
2026-03-04 10:09:50,0
2026-03-04 10:10:00,0
2026-03-04 10:10:10,2
2026-03-04 10:10:20,0
2026-03-04 10:10:30,0
2026-03-04 10:10:40,0
2026-03-04 10:10:50,0
2026-03-04 10:11:00,0
2026-03-04 10:11:10,0
2026-03-04 10:11:20,0
2026-03-04 10:11:30,0
2026-03-04 10:11:40,0
2026-03-04 10:11:50,0
2026-03-04 10:12:00,0
2026-03-04 10:12:10,0
2026-03-04 10:12:20,0
2026-03-04 10:12:30,3
2026-03-04 10:12:40,0
2026-03-04 10:12:50,0
2026-03-04 10:13:00,0
2026-03-04 10:13:10,0
2026-03-04 10:13:20,0
2026-03-04 10:13:30,0
2026-03-04 10:13:40,0
2026-03-04 10:13:50,0
2026-03-04 10:14:00,0
2026-03-04 10:14:10,0
2026-03-04 10:14:20,0
2026-03-04 10:14:30,0
2026-03-04 10:14:40,0
2026-03-04 10:14:50,0
2026-03-04 10:15:00,0
2026-03-04 10:15:10,0
2026-03-04 10:15:20,0
2026-03-04 10:15:30,0
2026-03-04 10:15:40,0
2026-03-04 10:15:50,0
2026-03-04 10:16:00,0
2026-03-04 10:16:10,0
2026-03-04 10:16:20,0
2026-03-04 10:16:30,0
2026-03-04 10:16:40,0
2026-03-04 10:16:50,0
2026-03-04 10:17:00,0
2026-03-04 10:17:10,0
2026-03-04 10:17:20,0
2026-03-04 10:17:30,0
2026-03-04 10:17:40,0
2026-03-04 10:17:50,0
2026-03-04 10:18:00,0
2026-03-04 10:18:10,0
2026-03-04 10:18:20,0
2026-03-04 10:18:30,0
2026-03-04 10:18:40,0
2026-03-04 10:18:50,0
2026-03-04 10:19:00,0
2026-03-04 10:19:10,0
2026-03-04 10:19:20,0
2026-03-04 10:19:30,0
2026-03-04 10:19:40,0
2026-03-04 10:19:50,0
2026-03-04 10:20:00,0
2026-03-04 10:20:10,0
2026-03-04 10:20:20,0
2026-03-04 10:20:30,0
2026-03-04 10:20:40,0
2026-03-04 10:20:50,0
2026-03-04 10:21:00,0
2026-03-04 10:21:10,0
2026-03-04 10:21:20,0
2026-03-04 10:21:30,0
2026-03-04 10:21:40,0
2026-03-04 10:21:50,0
2026-03-04 10:22:00,0
2026-03-04 10:22:10,0
2026-03-04 10:22:20,0
2026-03-04 10:22:30,1
2026-03-04 10:22:40,0
2026-03-04 10:22:50,0
2026-03-04 10:23:00,0
2026-03-04 10:23:10,0
2026-03-04 10:23:20,0
2026-03-04 10:23:30,0
2026-03-04 10:23:40,0
2026-03-04 10:23:50,0
2026-03-04 10:24:00,0
2026-03-04 10:24:10,0
2026-03-04 10:24:20,0
2026-03-04 10:24:30,0
2026-03-04 10:24:40,0
2026-03-04 10:24:50,0
2026-03-04 10:25:00,0
2026-03-04 10:25:10,0
2026-03-04 10:25:20,0
2026-03-04 10:25:30,1
2026-03-04 10:25:40,0
2026-03-04 10:25:50,0
2026-03-04 10:26:00,0
2026-03-04 10:26:10,0
2026-03-04 10:26:20,0
2026-03-04 10:26:30,0
2026-03-04 10:26:40,0
2026-03-04 10:26:50,0
2026-03-04 10:27:00,0
2026-03-04 10:27:10,0
2026-03-04 10:27:20,0
2026-03-04 10:27:30,0
2026-03-04 10:27:40,0
2026-03-04 10:27:50,0
2026-03-04 10:28:00,0
2026-03-04 10:28:10,0
2026-03-04 10:28:20,0
2026-03-04 10:28:30,0
2026-03-04 10:28:40,0
2026-03-04 10:28:50,0
2026-03-04 10:29:00,0
2026-03-04 10:29:10,0
2026-03-04 10:29:20,0
2026-03-04 10:29:30,0
2026-03-04 10:29:40,0
2026-03-04 10:29:50,0
2026-03-04 10:30:00,0
2026-03-04 10:30:10,0
2026-03-04 10:30:20,0
2026-03-04 10:30:30,0
2026-03-04 10:30:40,0
2026-03-04 10:30:50,0
2026-03-04 10:31:00,0
2026-03-04 10:31:10,0
2026-03-04 10:31:20,0
2026-03-04 10:31:30,0
2026-03-04 10:31:40,0
2026-03-04 10:31:50,0
2026-03-04 10:32:00,0
2026-03-04 10:32:10,0
2026-03-04 10:32:20,0
2026-03-04 10:32:30,0
2026-03-04 10:32:40,0
2026-03-04 10:32:50,0
2026-03-04 10:33:00,0
2026-03-04 10:33:10,0
2026-03-04 10:33:20,0
2026-03-04 10:33:30,0
2026-03-04 10:33:40,0
2026-03-04 10:33:50,0
2026-03-04 10:34:00,0
2026-03-04 10:34:10,0
2026-03-04 10:34:20,0
2026-03-04 10:34:30,0
2026-03-04 10:34:40,0
2026-03-04 10:34:50,0
2026-03-04 10:35:00,0
2026-03-04 10:35:10,0
2026-03-04 10:35:20,0
2026-03-04 10:35:30,0
2026-03-04 10:35:40,2
2026-03-04 10:35:50,0
2026-03-04 10:36:00,1
2026-03-04 10:36:10,0
2026-03-04 10:36:20,0
2026-03-04 10:36:30,0
2026-03-04 10:36:40,0
2026-03-04 10:36:50,0
2026-03-04 10:37:00,0
2026-03-04 10:37:10,0
2026-03-04 10:37:20,0
2026-03-04 10:37:30,0
2026-03-04 10:37:40,0
2026-03-04 10:37:50,0
2026-03-04 10:38:00,0
2026-03-04 10:38:10,0
2026-03-04 10:38:20,0
2026-03-04 10:38:30,0
2026-03-04 10:38:40,0
2026-03-04 10:38:50,0
2026-03-04 10:39:00,0
2026-03-04 10:39:10,0
2026-03-04 10:39:20,0
2026-03-04 10:39:30,0
2026-03-04 10:39:40,0
2026-03-04 10:39:50,0
2026-03-04 10:40:00,0
2026-03-04 10:40:10,0
2026-03-04 10:40:20,0
2026-03-04 10:40:30,0
2026-03-04 10:40:40,0
2026-03-04 10:40:50,0
2026-03-04 10:41:00,0
2026-03-04 10:41:10,0
2026-03-04 10:41:20,0
2026-03-04 10:41:30,0
2026-03-04 10:41:40,0
2026-03-04 10:41:50,0
2026-03-04 10:42:00,0
2026-03-04 10:42:10,0
2026-03-04 10:42:20,0
2026-03-04 10:42:30,0
2026-03-04 10:42:40,0
2026-03-04 10:42:50,0
2026-03-04 10:43:00,0
2026-03-04 10:43:10,0
2026-03-04 10:43:20,0
2026-03-04 10:43:30,0
2026-03-04 10:43:40,0
2026-03-04 10:43:50,0
2026-03-04 10:44:00,0
2026-03-04 10:44:10,0
2026-03-04 10:44:20,0
2026-03-04 10:44:30,0
2026-03-04 10:44:40,0
2026-03-04 10:44:50,0
2026-03-04 10:45:00,0
2026-03-04 10:45:10,0
2026-03-04 10:45:20,0
2026-03-04 10:45:30,0
2026-03-04 10:45:40,0
2026-03-04 10:45:50,0
2026-03-04 10:46:00,0
2026-03-04 10:46:10,0
2026-03-04 10:46:20,0
2026-03-04 10:46:30,0
2026-03-04 10:46:40,0
2026-03-04 10:46:50,0
2026-03-04 10:47:00,0
2026-03-04 10:47:10,0
2026-03-04 10:47:20,0
2026-03-04 10:47:30,0
2026-03-04 10:47:40,0
2026-03-04 10:47:50,0
2026-03-04 10:48:00,0
2026-03-04 10:48:10,0
2026-03-04 10:48:20,0
2026-03-04 10:48:30,0
2026-03-04 10:48:40,0
2026-03-04 10:48:50,0
2026-03-04 10:49:00,0
2026-03-04 10:49:10,0
2026-03-04 10:49:20,0
2026-03-04 10:49:30,0
2026-03-04 10:49:40,0
2026-03-04 10:49:50,0
2026-03-04 10:50:00,18
2026-03-04 10:50:10,18
2026-03-04 10:50:20,19
2026-03-04 10:50:30,20
2026-03-04 10:50:40,19
2026-03-04 10:50:50,19
2026-03-04 10:51:00,19
2026-03-04 10:51:10,20
2026-03-04 10:51:20,20
2026-03-04 10:51:30,19
2026-03-04 10:51:40,19
2026-03-04 10:51:50,18
2026-03-04 10:52:00,18
2026-03-04 10:52:10,19
2026-03-04 10:52:20,19
2026-03-04 10:52:30,18
2026-03-04 10:52:40,19
2026-03-04 10:52:50,19
2026-03-04 10:53:00,18
2026-03-04 10:53:10,19
2026-03-04 10:53:20,19
2026-03-04 10:53:30,19
2026-03-04 10:53:40,18
2026-03-04 10:53:50,20
2026-03-04 10:54:00,19
2026-03-04 10:54:10,20
2026-03-04 10:54:20,19
2026-03-04 10:54:30,19
2026-03-04 10:54:40,20
2026-03-04 10:54:50,18
2026-03-04 10:55:00,18
2026-03-04 10:55:10,19
2026-03-04 10:55:20,19
2026-03-04 10:55:30,21
2026-03-04 10:55:40,19
2026-03-04 10:55:50,19
2026-03-04 10:56:00,19
2026-03-04 10:56:10,19
2026-03-04 10:56:20,21
2026-03-04 10:56:30,18
2026-03-04 10:56:40,18
2026-03-04 10:56:50,19
2026-03-04 10:57:00,0
2026-03-04 10:57:10,0
2026-03-04 10:57:20,0
2026-03-04 10:57:30,0
2026-03-04 10:57:40,0
2026-03-04 10:57:50,0
2026-03-04 10:58:00,0
2026-03-04 10:58:10,0
2026-03-04 10:58:20,0
2026-03-04 10:58:30,0
2026-03-04 10:58:40,0
2026-03-04 10:58:50,0
2026-03-04 10:59:00,0
2026-03-04 10:59:10,0
2026-03-04 10:59:20,0
2026-03-04 10:59:30,0
2026-03-04 10:59:40,0
2026-03-04 10:59:50,0
2026-03-04 11:00:00,0
2026-03-04 11:00:10,0
2026-03-04 11:00:20,0
2026-03-04 11:00:30,0
2026-03-04 11:00:40,0
2026-03-04 11:00:50,0
2026-03-04 11:01:00,0
2026-03-04 11:01:10,0
2026-03-04 11:01:20,0
2026-03-04 11:01:30,0
2026-03-04 11:01:40,0
2026-03-04 11:01:50,0
2026-03-04 11:02:00,0
2026-03-04 11:02:10,0
2026-03-04 11:02:20,0
2026-03-04 11:02:30,0
2026-03-04 11:02:40,0
2026-03-04 11:02:50,2
2026-03-04 11:03:00,2
2026-03-04 11:03:10,0
2026-03-04 11:03:20,0
2026-03-04 11:03:30,0
2026-03-04 11:03:40,0
2026-03-04 11:03:50,0
2026-03-04 11:04:00,0
2026-03-04 11:04:10,0
2026-03-04 11:04:20,0
2026-03-04 11:04:30,0
2026-03-04 11:04:40,0
2026-03-04 11:04:50,0
2026-03-04 11:05:00,0
2026-03-04 11:05:10,0
2026-03-04 11:05:20,0
2026-03-04 11:05:30,0
2026-03-04 11:05:40,0
2026-03-04 11:05:50,0
2026-03-04 11:06:00,0
2026-03-04 11:06:10,0
2026-03-04 11:06:20,0
2026-03-04 11:06:30,0
2026-03-04 11:06:40,0
2026-03-04 11:06:50,0
2026-03-04 11:07:00,0
2026-03-04 11:07:10,0
2026-03-04 11:07:20,0
2026-03-04 11:07:30,0
2026-03-04 11:07:40,0
2026-03-04 11:07:50,0
2026-03-04 11:08:00,0
2026-03-04 11:08:10,0
2026-03-04 11:08:20,1
2026-03-04 11:08:30,0
2026-03-04 11:08:40,0
2026-03-04 11:08:50,0
2026-03-04 11:09:00,0
2026-03-04 11:09:10,0
2026-03-04 11:09:20,0
2026-03-04 11:09:30,0
2026-03-04 11:09:40,2
2026-03-04 11:09:50,0
2026-03-04 11:10:00,0
2026-03-04 11:10:10,0
2026-03-04 11:10:20,0
2026-03-04 11:10:30,1
2026-03-04 11:10:40,0
2026-03-04 11:10:50,0
2026-03-04 11:11:00,0
2026-03-04 11:11:10,0
2026-03-04 11:11:20,0
2026-03-04 11:11:30,0
2026-03-04 11:11:40,0
2026-03-04 11:11:50,0
2026-03-04 11:12:00,11
2026-03-04 11:12:10,11
2026-03-04 11:12:20,11
2026-03-04 11:12:30,10
2026-03-04 11:12:40,10
2026-03-04 11:12:50,12
2026-03-04 11:13:00,12
2026-03-04 11:13:10,10
2026-03-04 11:13:20,12
2026-03-04 11:13:30,11
2026-03-04 11:13:40,11
2026-03-04 11:13:50,10
2026-03-04 11:14:00,0
2026-03-04 11:14:10,0
2026-03-04 11:14:20,0
2026-03-04 11:14:30,0
2026-03-04 11:14:40,0
2026-03-04 11:14:50,0
2026-03-04 11:15:00,0
2026-03-04 11:15:10,0
2026-03-04 11:15:20,0
2026-03-04 11:15:30,0
2026-03-04 11:15:40,0
2026-03-04 11:15:50,0
2026-03-04 11:16:00,0
2026-03-04 11:16:10,0
2026-03-04 11:16:20,0
2026-03-04 11:16:30,0
2026-03-04 11:16:40,0
2026-03-04 11:16:50,0
2026-03-04 11:17:00,0
2026-03-04 11:17:10,0
2026-03-04 11:17:20,0
2026-03-04 11:17:30,0
2026-03-04 11:17:40,0
2026-03-04 11:17:50,0
2026-03-04 11:18:00,0
2026-03-04 11:18:10,0
2026-03-04 11:18:20,0
2026-03-04 11:18:30,0
2026-03-04 11:18:40,0
2026-03-04 11:18:50,0
2026-03-04 11:19:00,0
2026-03-04 11:19:10,0
2026-03-04 11:19:20,2
2026-03-04 11:19:30,0
2026-03-04 11:19:40,0
2026-03-04 11:19:50,0
2026-03-04 11:20:00,0
2026-03-04 11:20:10,2
2026-03-04 11:20:20,1
2026-03-04 11:20:30,0
2026-03-04 11:20:40,0
2026-03-04 11:20:50,0
2026-03-04 11:21:00,0
2026-03-04 11:21:10,0
2026-03-04 11:21:20,0
2026-03-04 11:21:30,0
2026-03-04 11:21:40,0
2026-03-04 11:21:50,0
2026-03-04 11:22:00,0
2026-03-04 11:22:10,0
2026-03-04 11:22:20,0
2026-03-04 11:22:30,0
2026-03-04 11:22:40,0
2026-03-04 11:22:50,2
2026-03-04 11:23:00,0
2026-03-04 11:23:10,0
2026-03-04 11:23:20,0
2026-03-04 11:23:30,0
2026-03-04 11:23:40,0
2026-03-04 11:23:50,0
2026-03-04 11:24:00,0
2026-03-04 11:24:10,0
2026-03-04 11:24:20,0
2026-03-04 11:24:30,0
2026-03-04 11:24:40,0
2026-03-04 11:24:50,0
2026-03-04 11:25:00,0
2026-03-04 11:25:10,0
2026-03-04 11:25:20,0
2026-03-04 11:25:30,0
2026-03-04 11:25:40,0
2026-03-04 11:25:50,0
2026-03-04 11:26:00,0
2026-03-04 11:26:10,0
2026-03-04 11:26:20,0
2026-03-04 11:26:30,0
2026-03-04 11:26:40,0
2026-03-04 11:26:50,0
2026-03-04 11:27:00,0
2026-03-04 11:27:10,0
2026-03-04 11:27:20,0
2026-03-04 11:27:30,0
2026-03-04 11:27:40,0
2026-03-04 11:27:50,0
2026-03-04 11:28:00,0
2026-03-04 11:28:10,0
2026-03-04 11:28:20,0
2026-03-04 11:28:30,0
2026-03-04 11:28:40,0
2026-03-04 11:28:50,0
2026-03-04 11:29:00,0
2026-03-04 11:29:10,0
2026-03-04 11:29:20,0
2026-03-04 11:29:30,0
2026-03-04 11:29:40,0
2026-03-04 11:29:50,0
2026-03-04 11:30:00,0
2026-03-04 11:30:10,0
2026-03-04 11:30:20,0
2026-03-04 11:30:30,0
2026-03-04 11:30:40,1
2026-03-04 11:30:50,0
2026-03-04 11:31:00,0
2026-03-04 11:31:10,0
2026-03-04 11:31:20,0
2026-03-04 11:31:30,0
2026-03-04 11:31:40,0
2026-03-04 11:31:50,1
2026-03-04 11:32:00,0
2026-03-04 11:32:10,0
2026-03-04 11:32:20,0
2026-03-04 11:32:30,0
2026-03-04 11:32:40,0
2026-03-04 11:32:50,0
2026-03-04 11:33:00,0
2026-03-04 11:33:10,0
2026-03-04 11:33:20,4
2026-03-04 11:33:30,0
2026-03-04 11:33:40,0
2026-03-04 11:33:50,0
2026-03-04 11:34:00,0
2026-03-04 11:34:10,0
2026-03-04 11:34:20,0
2026-03-04 11:34:30,0
2026-03-04 11:34:40,0
2026-03-04 11:34:50,0
2026-03-04 11:35:00,0
2026-03-04 11:35:10,0
2026-03-04 11:35:20,2
2026-03-04 11:35:30,0
2026-03-04 11:35:40,0
2026-03-04 11:35:50,0
2026-03-04 11:36:00,0
2026-03-04 11:36:10,0
2026-03-04 11:36:20,0
2026-03-04 11:36:30,0
2026-03-04 11:36:40,0
2026-03-04 11:36:50,0
2026-03-04 11:37:00,0
2026-03-04 11:37:10,0
2026-03-04 11:37:20,1
2026-03-04 11:37:30,0
2026-03-04 11:37:40,0
2026-03-04 11:37:50,0
2026-03-04 11:38:00,0
2026-03-04 11:38:10,0
2026-03-04 11:38:20,0
2026-03-04 11:38:30,0
2026-03-04 11:38:40,0
2026-03-04 11:38:50,0
2026-03-04 11:39:00,0
2026-03-04 11:39:10,0
2026-03-04 11:39:20,0
2026-03-04 11:39:30,0
2026-03-04 11:39:40,0
2026-03-04 11:39:50,0
2026-03-04 11:40:00,0
2026-03-04 11:40:10,0
2026-03-04 11:40:20,0
2026-03-04 11:40:30,0
2026-03-04 11:40:40,0
2026-03-04 11:40:50,0
2026-03-04 11:41:00,0
2026-03-04 11:41:10,0
2026-03-04 11:41:20,0
2026-03-04 11:41:30,0
2026-03-04 11:41:40,0
2026-03-04 11:41:50,0
2026-03-04 11:42:00,0
2026-03-04 11:42:10,0
2026-03-04 11:42:20,0
2026-03-04 11:42:30,0
2026-03-04 11:42:40,0
2026-03-04 11:42:50,0
2026-03-04 11:43:00,0
2026-03-04 11:43:10,0
2026-03-04 11:43:20,0
2026-03-04 11:43:30,0
2026-03-04 11:43:40,0
2026-03-04 11:43:50,0
2026-03-04 11:44:00,0
2026-03-04 11:44:10,0
2026-03-04 11:44:20,0
2026-03-04 11:44:30,0
2026-03-04 11:44:40,0
2026-03-04 11:44:50,0
2026-03-04 11:45:00,0
2026-03-04 11:45:10,0
2026-03-04 11:45:20,0
2026-03-04 11:45:30,0
2026-03-04 11:45:40,0
2026-03-04 11:45:50,0
2026-03-04 11:46:00,0
2026-03-04 11:46:10,0
2026-03-04 11:46:20,0
2026-03-04 11:46:30,0
2026-03-04 11:46:40,2
2026-03-04 11:46:50,0
2026-03-04 11:47:00,0
2026-03-04 11:47:10,0
2026-03-04 11:47:20,0
2026-03-04 11:47:30,2
2026-03-04 11:47:40,0
2026-03-04 11:47:50,0
2026-03-04 11:48:00,0
2026-03-04 11:48:10,0
2026-03-04 11:48:20,0
2026-03-04 11:48:30,0
2026-03-04 11:48:40,0
2026-03-04 11:48:50,0
2026-03-04 11:49:00,0
2026-03-04 11:49:10,0
2026-03-04 11:49:20,0
2026-03-04 11:49:30,0
2026-03-04 11:49:40,0
2026-03-04 11:49:50,0
2026-03-04 11:50:00,0
2026-03-04 11:50:10,0
2026-03-04 11:50:20,0
2026-03-04 11:50:30,0
2026-03-04 11:50:40,0
2026-03-04 11:50:50,0
2026-03-04 11:51:00,0
2026-03-04 11:51:10,0
2026-03-04 11:51:20,0
2026-03-04 11:51:30,0
2026-03-04 11:51:40,0
2026-03-04 11:51:50,0
2026-03-04 11:52:00,0
2026-03-04 11:52:10,0
2026-03-04 11:52:20,0
2026-03-04 11:52:30,0
2026-03-04 11:52:40,0
2026-03-04 11:52:50,0
2026-03-04 11:53:00,0
2026-03-04 11:53:10,0
2026-03-04 11:53:20,0
2026-03-04 11:53:30,0
2026-03-04 11:53:40,0
2026-03-04 11:53:50,0
2026-03-04 11:54:00,0
2026-03-04 11:54:10,0
2026-03-04 11:54:20,0
2026-03-04 11:54:30,0
2026-03-04 11:54:40,0
2026-03-04 11:54:50,0
2026-03-04 11:55:00,0
2026-03-04 11:55:10,0
2026-03-04 11:55:20,0
2026-03-04 11:55:30,0
2026-03-04 11:55:40,0
2026-03-04 11:55:50,0
2026-03-04 11:56:00,0
2026-03-04 11:56:10,0
2026-03-04 11:56:20,0
2026-03-04 11:56:30,0
2026-03-04 11:56:40,0
2026-03-04 11:56:50,0
2026-03-04 11:57:00,0
2026-03-04 11:57:10,0
2026-03-04 11:57:20,0
2026-03-04 11:57:30,0
2026-03-04 11:57:40,0
2026-03-04 11:57:50,0
2026-03-04 11:58:00,0
2026-03-04 11:58:10,0
2026-03-04 11:58:20,0
2026-03-04 11:58:30,0
2026-03-04 11:58:40,0
2026-03-04 11:58:50,0
2026-03-04 11:59:00,0
2026-03-04 11:59:10,0
2026-03-04 11:59:20,0
2026-03-04 11:59:30,2
2026-03-04 11:59:40,0
2026-03-04 11:59:50,0
2026-03-04 12:00:00,0
2026-03-04 12:00:10,0
2026-03-04 12:00:20,2
2026-03-04 12:00:30,0
2026-03-04 12:00:40,0
2026-03-04 12:00:50,0
2026-03-04 12:01:00,0
2026-03-04 12:01:10,0
2026-03-04 12:01:20,0
2026-03-04 12:01:30,0
2026-03-04 12:01:40,0
2026-03-04 12:01:50,0
2026-03-04 12:02:00,0
2026-03-04 12:02:10,0
2026-03-04 12:02:20,0
2026-03-04 12:02:30,0
2026-03-04 12:02:40,0
2026-03-04 12:02:50,0
2026-03-04 12:03:00,0
2026-03-04 12:03:10,0
2026-03-04 12:03:20,0
2026-03-04 12:03:30,0
2026-03-04 12:03:40,1
2026-03-04 12:03:50,0
2026-03-04 12:04:00,0
2026-03-04 12:04:10,0
2026-03-04 12:04:20,0
2026-03-04 12:04:30,0
2026-03-04 12:04:40,0
2026-03-04 12:04:50,0
2026-03-04 12:05:00,0
2026-03-04 12:05:10,0
2026-03-04 12:05:20,0
2026-03-04 12:05:30,0
2026-03-04 12:05:40,0
2026-03-04 12:05:50,0
2026-03-04 12:06:00,0
2026-03-04 12:06:10,0
2026-03-04 12:06:20,2
2026-03-04 12:06:30,0
2026-03-04 12:06:40,0
2026-03-04 12:06:50,0
2026-03-04 12:07:00,0
2026-03-04 12:07:10,0
2026-03-04 12:07:20,0
2026-03-04 12:07:30,0
2026-03-04 12:07:40,0
2026-03-04 12:07:50,0
2026-03-04 12:08:00,0
2026-03-04 12:08:10,0
2026-03-04 12:08:20,0
2026-03-04 12:08:30,0
2026-03-04 12:08:40,0
2026-03-04 12:08:50,0
2026-03-04 12:09:00,0
2026-03-04 12:09:10,0
2026-03-04 12:09:20,0
2026-03-04 12:09:30,0
2026-03-04 12:09:40,0
2026-03-04 12:09:50,0
2026-03-04 12:10:00,20
2026-03-04 12:10:10,19
2026-03-04 12:10:20,20
2026-03-04 12:10:30,18
2026-03-04 12:10:40,19
2026-03-04 12:10:50,19
2026-03-04 12:11:00,20
2026-03-04 12:11:10,19
2026-03-04 12:11:20,20
2026-03-04 12:11:30,19
2026-03-04 12:11:40,19
2026-03-04 12:11:50,20
2026-03-04 12:12:00,19
2026-03-04 12:12:10,20
2026-03-04 12:12:20,20
2026-03-04 12:12:30,20
2026-03-04 12:12:40,19
2026-03-04 12:12:50,19
2026-03-04 12:13:00,20
2026-03-04 12:13:10,19
2026-03-04 12:13:20,19
2026-03-04 12:13:30,20
2026-03-04 12:13:40,18
2026-03-04 12:13:50,19
2026-03-04 12:14:00,18
2026-03-04 12:14:10,20
2026-03-04 12:14:20,18
2026-03-04 12:14:30,19
2026-03-04 12:14:40,19
2026-03-04 12:14:50,19
2026-03-04 12:15:00,18
2026-03-04 12:15:10,18
2026-03-04 12:15:20,18
2026-03-04 12:15:30,19
2026-03-04 12:15:40,19
2026-03-04 12:15:50,19
2026-03-04 12:16:00,18
2026-03-04 12:16:10,17
2026-03-04 12:16:20,19
2026-03-04 12:16:30,18
2026-03-04 12:16:40,18
2026-03-04 12:16:50,18
2026-03-04 12:17:00,19
2026-03-04 12:17:10,18
2026-03-04 12:17:20,21
2026-03-04 12:17:30,19
2026-03-04 12:17:40,20
2026-03-04 12:17:50,19
2026-03-04 12:18:00,18
2026-03-04 12:18:10,19
2026-03-04 12:18:20,18
2026-03-04 12:18:30,19
2026-03-04 12:18:40,18
2026-03-04 12:18:50,19
2026-03-04 12:19:00,20
2026-03-04 12:19:10,18
2026-03-04 12:19:20,20
2026-03-04 12:19:30,18
2026-03-04 12:19:40,20
2026-03-04 12:19:50,20
2026-03-04 12:20:00,17
2026-03-04 12:20:10,21
2026-03-04 12:20:20,20
2026-03-04 12:20:30,20
2026-03-04 12:20:40,17
2026-03-04 12:20:50,19
2026-03-04 12:21:00,19
2026-03-04 12:21:10,21
2026-03-04 12:21:20,19
2026-03-04 12:21:30,19
2026-03-04 12:21:40,19
2026-03-04 12:21:50,20
2026-03-04 12:22:00,0
2026-03-04 12:22:10,0
2026-03-04 12:22:20,0
2026-03-04 12:22:30,0
2026-03-04 12:22:40,0
2026-03-04 12:22:50,2
2026-03-04 12:23:00,0
2026-03-04 12:23:10,0
2026-03-04 12:23:20,0
2026-03-04 12:23:30,0
2026-03-04 12:23:40,0
2026-03-04 12:23:50,0
2026-03-04 12:24:00,0
2026-03-04 12:24:10,0
2026-03-04 12:24:20,0
2026-03-04 12:24:30,0
2026-03-04 12:24:40,0
2026-03-04 12:24:50,0
2026-03-04 12:25:00,0
2026-03-04 12:25:10,0
2026-03-04 12:25:20,0
2026-03-04 12:25:30,0
2026-03-04 12:25:40,0
2026-03-04 12:25:50,0
2026-03-04 12:26:00,0
2026-03-04 12:26:10,0
2026-03-04 12:26:20,0
2026-03-04 12:26:30,0
2026-03-04 12:26:40,0
2026-03-04 12:26:50,0
2026-03-04 12:27:00,0
2026-03-04 12:27:10,0
2026-03-04 12:27:20,0
2026-03-04 12:27:30,0
2026-03-04 12:27:40,0
2026-03-04 12:27:50,0
2026-03-04 12:28:00,0
2026-03-04 12:28:10,0
2026-03-04 12:28:20,0
2026-03-04 12:28:30,0
2026-03-04 12:28:40,0
2026-03-04 12:28:50,0
2026-03-04 12:29:00,0
2026-03-04 12:29:10,0
2026-03-04 12:29:20,0
2026-03-04 12:29:30,0
2026-03-04 12:29:40,0
2026-03-04 12:29:50,0
2026-03-04 12:30:00,0
2026-03-04 12:30:10,0
2026-03-04 12:30:20,0
2026-03-04 12:30:30,0
2026-03-04 12:30:40,0
2026-03-04 12:30:50,0
2026-03-04 12:31:00,0
2026-03-04 12:31:10,0
2026-03-04 12:31:20,0
2026-03-04 12:31:30,0
2026-03-04 12:31:40,0
2026-03-04 12:31:50,0
2026-03-04 12:32:00,0
2026-03-04 12:32:10,0
2026-03-04 12:32:20,0
2026-03-04 12:32:30,0
2026-03-04 12:32:40,0
2026-03-04 12:32:50,0
2026-03-04 12:33:00,2
2026-03-04 12:33:10,0
2026-03-04 12:33:20,0
2026-03-04 12:33:30,0
2026-03-04 12:33:40,4
2026-03-04 12:33:50,0
2026-03-04 12:34:00,0
2026-03-04 12:34:10,0
2026-03-04 12:34:20,0
2026-03-04 12:34:30,0
2026-03-04 12:34:40,0
2026-03-04 12:34:50,0
2026-03-04 12:35:00,0
2026-03-04 12:35:10,0
2026-03-04 12:35:20,0
2026-03-04 12:35:30,0
2026-03-04 12:35:40,0
2026-03-04 12:35:50,0
2026-03-04 12:36:00,0
2026-03-04 12:36:10,0
2026-03-04 12:36:20,0
2026-03-04 12:36:30,0
2026-03-04 12:36:40,0
2026-03-04 12:36:50,0
2026-03-04 12:37:00,0
2026-03-04 12:37:10,0
2026-03-04 12:37:20,0
2026-03-04 12:37:30,0
2026-03-04 12:37:40,2
2026-03-04 12:37:50,0
2026-03-04 12:38:00,0
2026-03-04 12:38:10,0
2026-03-04 12:38:20,0
2026-03-04 12:38:30,0
2026-03-04 12:38:40,0
2026-03-04 12:38:50,0
2026-03-04 12:39:00,0
2026-03-04 12:39:10,0
2026-03-04 12:39:20,0
2026-03-04 12:39:30,0
2026-03-04 12:39:40,0
2026-03-04 12:39:50,0
2026-03-04 12:40:00,0
2026-03-04 12:40:10,0
2026-03-04 12:40:20,0
2026-03-04 12:40:30,0
2026-03-04 12:40:40,0
2026-03-04 12:40:50,0
2026-03-04 12:41:00,0
2026-03-04 12:41:10,0
2026-03-04 12:41:20,0
2026-03-04 12:41:30,0
2026-03-04 12:41:40,0
2026-03-04 12:41:50,0
2026-03-04 12:42:00,0
2026-03-04 12:42:10,0
2026-03-04 12:42:20,0
2026-03-04 12:42:30,0
2026-03-04 12:42:40,0
2026-03-04 12:42:50,0
2026-03-04 12:43:00,0
2026-03-04 12:43:10,0
2026-03-04 12:43:20,0
2026-03-04 12:43:30,0
2026-03-04 12:43:40,0
2026-03-04 12:43:50,0
2026-03-04 12:44:00,0
2026-03-04 12:44:10,0
2026-03-04 12:44:20,0
2026-03-04 12:44:30,0
2026-03-04 12:44:40,0
2026-03-04 12:44:50,0
2026-03-04 12:45:00,0
2026-03-04 12:45:10,0
2026-03-04 12:45:20,0
2026-03-04 12:45:30,0
2026-03-04 12:45:40,0
2026-03-04 12:45:50,0
2026-03-04 12:46:00,0
2026-03-04 12:46:10,0
2026-03-04 12:46:20,0
2026-03-04 12:46:30,0
2026-03-04 12:46:40,0
2026-03-04 12:46:50,0
2026-03-04 12:47:00,0
2026-03-04 12:47:10,0
2026-03-04 12:47:20,0
2026-03-04 12:47:30,0
2026-03-04 12:47:40,0
2026-03-04 12:47:50,2
2026-03-04 12:48:00,0
2026-03-04 12:48:10,0
2026-03-04 12:48:20,0
2026-03-04 12:48:30,0
2026-03-04 12:48:40,0
2026-03-04 12:48:50,0
2026-03-04 12:49:00,0
2026-03-04 12:49:10,0
2026-03-04 12:49:20,0
2026-03-04 12:49:30,0
2026-03-04 12:49:40,0
2026-03-04 12:49:50,0
2026-03-04 12:50:00,20
2026-03-04 12:50:10,19
2026-03-04 12:50:20,20
2026-03-04 12:50:30,19
2026-03-04 12:50:40,20
2026-03-04 12:50:50,19
2026-03-04 12:51:00,19
2026-03-04 12:51:10,20
2026-03-04 12:51:20,20
2026-03-04 12:51:30,18
2026-03-04 12:51:40,19
2026-03-04 12:51:50,19
2026-03-04 12:52:00,19
2026-03-04 12:52:10,20
2026-03-04 12:52:20,20
2026-03-04 12:52:30,18
2026-03-04 12:52:40,19
2026-03-04 12:52:50,20
2026-03-04 12:53:00,19
2026-03-04 12:53:10,19
2026-03-04 12:53:20,19
2026-03-04 12:53:30,19
2026-03-04 12:53:40,19
2026-03-04 12:53:50,20
2026-03-04 12:54:00,18
2026-03-04 12:54:10,18
2026-03-04 12:54:20,18
2026-03-04 12:54:30,19
2026-03-04 12:54:40,17
2026-03-04 12:54:50,20
2026-03-04 12:55:00,18
2026-03-04 12:55:10,20
2026-03-04 12:55:20,18
2026-03-04 12:55:30,18
2026-03-04 12:55:40,18
2026-03-04 12:55:50,20
2026-03-04 12:56:00,17
2026-03-04 12:56:10,19
2026-03-04 12:56:20,18
2026-03-04 12:56:30,19
2026-03-04 12:56:40,19
2026-03-04 12:56:50,18
2026-03-04 12:57:00,20
2026-03-04 12:57:10,19
2026-03-04 12:57:20,19
2026-03-04 12:57:30,19
2026-03-04 12:57:40,18
2026-03-04 12:57:50,20
2026-03-04 12:58:00,19
2026-03-04 12:58:10,20
2026-03-04 12:58:20,19
2026-03-04 12:58:30,19
2026-03-04 12:58:40,19
2026-03-04 12:58:50,18
2026-03-04 12:59:00,19
2026-03-04 12:59:10,17
2026-03-04 12:59:20,18
2026-03-04 12:59:30,20
2026-03-04 12:59:40,18
2026-03-04 12:59:50,19
2026-03-04 13:00:00,0
2026-03-04 13:00:10,0
2026-03-04 13:00:20,0
2026-03-04 13:00:30,0
2026-03-04 13:00:40,0
2026-03-04 13:00:50,0
2026-03-04 13:01:00,0
2026-03-04 13:01:10,0
2026-03-04 13:01:20,0
2026-03-04 13:01:30,0
2026-03-04 13:01:40,0
2026-03-04 13:01:50,0
2026-03-04 13:02:00,0
2026-03-04 13:02:10,0
2026-03-04 13:02:20,0
2026-03-04 13:02:30,0
2026-03-04 13:02:40,0
2026-03-04 13:02:50,0
2026-03-04 13:03:00,0
2026-03-04 13:03:10,0
2026-03-04 13:03:20,0
2026-03-04 13:03:30,0
2026-03-04 13:03:40,0
2026-03-04 13:03:50,0
2026-03-04 13:04:00,0
2026-03-04 13:04:10,0
2026-03-04 13:04:20,0
2026-03-04 13:04:30,0
2026-03-04 13:04:40,0
2026-03-04 13:04:50,0
2026-03-04 13:05:00,0
2026-03-04 13:05:10,0
2026-03-04 13:05:20,0
2026-03-04 13:05:30,0
2026-03-04 13:05:40,0
2026-03-04 13:05:50,0
2026-03-04 13:06:00,0
2026-03-04 13:06:10,0
2026-03-04 13:06:20,0
2026-03-04 13:06:30,0
2026-03-04 13:06:40,0
2026-03-04 13:06:50,2
2026-03-04 13:07:00,0
2026-03-04 13:07:10,0
2026-03-04 13:07:20,0
2026-03-04 13:07:30,0
2026-03-04 13:07:40,0
2026-03-04 13:07:50,0
2026-03-04 13:08:00,0
2026-03-04 13:08:10,0
2026-03-04 13:08:20,0
2026-03-04 13:08:30,0
2026-03-04 13:08:40,0
2026-03-04 13:08:50,0
2026-03-04 13:09:00,0
2026-03-04 13:09:10,0
2026-03-04 13:09:20,0
2026-03-04 13:09:30,0
2026-03-04 13:09:40,0
2026-03-04 13:09:50,0
2026-03-04 13:10:00,0
2026-03-04 13:10:10,0
2026-03-04 13:10:20,0
2026-03-04 13:10:30,0
2026-03-04 13:10:40,2
2026-03-04 13:10:50,0
2026-03-04 13:11:00,0
2026-03-04 13:11:10,0
2026-03-04 13:11:20,0
2026-03-04 13:11:30,0
2026-03-04 13:11:40,0
2026-03-04 13:11:50,0
2026-03-04 13:12:00,0
2026-03-04 13:12:10,0
2026-03-04 13:12:20,0
2026-03-04 13:12:30,0
2026-03-04 13:12:40,0
2026-03-04 13:12:50,0
2026-03-04 13:13:00,0
2026-03-04 13:13:10,0
2026-03-04 13:13:20,0
2026-03-04 13:13:30,0
2026-03-04 13:13:40,0
2026-03-04 13:13:50,0
2026-03-04 13:14:00,0
2026-03-04 13:14:10,0
2026-03-04 13:14:20,0
2026-03-04 13:14:30,0
2026-03-04 13:14:40,0
2026-03-04 13:14:50,0
2026-03-04 13:15:00,0
2026-03-04 13:15:10,0
2026-03-04 13:15:20,0
2026-03-04 13:15:30,0
2026-03-04 13:15:40,0
2026-03-04 13:15:50,0
2026-03-04 13:16:00,0
2026-03-04 13:16:10,0
2026-03-04 13:16:20,0
2026-03-04 13:16:30,0
2026-03-04 13:16:40,0
2026-03-04 13:16:50,0
2026-03-04 13:17:00,0
2026-03-04 13:17:10,0
2026-03-04 13:17:20,0
2026-03-04 13:17:30,0
2026-03-04 13:17:40,0
2026-03-04 13:17:50,0
2026-03-04 13:18:00,0
2026-03-04 13:18:10,0
2026-03-04 13:18:20,0
2026-03-04 13:18:30,0
2026-03-04 13:18:40,0
2026-03-04 13:18:50,1
2026-03-04 13:19:00,0
2026-03-04 13:19:10,0
2026-03-04 13:19:20,0
2026-03-04 13:19:30,0
2026-03-04 13:19:40,0
2026-03-04 13:19:50,0
2026-03-04 13:20:00,0
2026-03-04 13:20:10,0
2026-03-04 13:20:20,0
2026-03-04 13:20:30,0
2026-03-04 13:20:40,0
2026-03-04 13:20:50,0
2026-03-04 13:21:00,0
2026-03-04 13:21:10,0
2026-03-04 13:21:20,0
2026-03-04 13:21:30,0
2026-03-04 13:21:40,0
2026-03-04 13:21:50,0
2026-03-04 13:22:00,0
2026-03-04 13:22:10,0
2026-03-04 13:22:20,0
2026-03-04 13:22:30,0
2026-03-04 13:22:40,0
2026-03-04 13:22:50,0
2026-03-04 13:23:00,0
2026-03-04 13:23:10,0
2026-03-04 13:23:20,0
2026-03-04 13:23:30,0
2026-03-04 13:23:40,0
2026-03-04 13:23:50,0
2026-03-04 13:24:00,0
2026-03-04 13:24:10,1
2026-03-04 13:24:20,0
2026-03-04 13:24:30,0
2026-03-04 13:24:40,0
2026-03-04 13:24:50,0
2026-03-04 13:25:00,0
2026-03-04 13:25:10,0
2026-03-04 13:25:20,0
2026-03-04 13:25:30,0
2026-03-04 13:25:40,0
2026-03-04 13:25:50,0
2026-03-04 13:26:00,0
2026-03-04 13:26:10,0
2026-03-04 13:26:20,0
2026-03-04 13:26:30,0
2026-03-04 13:26:40,1
2026-03-04 13:26:50,0
2026-03-04 13:27:00,0
2026-03-04 13:27:10,0
2026-03-04 13:27:20,0
2026-03-04 13:27:30,0
2026-03-04 13:27:40,0
2026-03-04 13:27:50,0
2026-03-04 13:28:00,0
2026-03-04 13:28:10,0
2026-03-04 13:28:20,0
2026-03-04 13:28:30,0
2026-03-04 13:28:40,0
2026-03-04 13:28:50,0
2026-03-04 13:29:00,0
2026-03-04 13:29:10,0
2026-03-04 13:29:20,0
2026-03-04 13:29:30,0
2026-03-04 13:29:40,0
2026-03-04 13:29:50,0
2026-03-04 13:30:00,0
2026-03-04 13:30:10,0
2026-03-04 13:30:20,0
2026-03-04 13:30:30,0
2026-03-04 13:30:40,0
2026-03-04 13:30:50,0
2026-03-04 13:31:00,0
2026-03-04 13:31:10,0
2026-03-04 13:31:20,1
2026-03-04 13:31:30,0
2026-03-04 13:31:40,0
2026-03-04 13:31:50,0
2026-03-04 13:32:00,0
2026-03-04 13:32:10,0
2026-03-04 13:32:20,0
2026-03-04 13:32:30,0
2026-03-04 13:32:40,0
2026-03-04 13:32:50,0
2026-03-04 13:33:00,0
2026-03-04 13:33:10,0
2026-03-04 13:33:20,0
2026-03-04 13:33:30,0
2026-03-04 13:33:40,0
2026-03-04 13:33:50,0
2026-03-04 13:34:00,0
2026-03-04 13:34:10,0
2026-03-04 13:34:20,0
2026-03-04 13:34:30,0
2026-03-04 13:34:40,0
2026-03-04 13:34:50,0
2026-03-04 13:35:00,0
2026-03-04 13:35:10,0
2026-03-04 13:35:20,0
2026-03-04 13:35:30,0
2026-03-04 13:35:40,0
2026-03-04 13:35:50,0
2026-03-04 13:36:00,0
2026-03-04 13:36:10,0
2026-03-04 13:36:20,0
2026-03-04 13:36:30,0
2026-03-04 13:36:40,0
2026-03-04 13:36:50,0
2026-03-04 13:37:00,0
2026-03-04 13:37:10,0
2026-03-04 13:37:20,0
2026-03-04 13:37:30,0
2026-03-04 13:37:40,0
2026-03-04 13:37:50,0
2026-03-04 13:38:00,0
2026-03-04 13:38:10,0
2026-03-04 13:38:20,0
2026-03-04 13:38:30,0
2026-03-04 13:38:40,0
2026-03-04 13:38:50,0
2026-03-04 13:39:00,0
2026-03-04 13:39:10,0
2026-03-04 13:39:20,0
2026-03-04 13:39:30,0
2026-03-04 13:39:40,0
2026-03-04 13:39:50,0
2026-03-04 13:40:00,0
2026-03-04 13:40:10,0
2026-03-04 13:40:20,0
2026-03-04 13:40:30,0
2026-03-04 13:40:40,0
2026-03-04 13:40:50,0
2026-03-04 13:41:00,0
2026-03-04 13:41:10,0
2026-03-04 13:41:20,0
2026-03-04 13:41:30,0
2026-03-04 13:41:40,0
2026-03-04 13:41:50,0
2026-03-04 13:42:00,0
2026-03-04 13:42:10,0
2026-03-04 13:42:20,0
2026-03-04 13:42:30,2
2026-03-04 13:42:40,0
2026-03-04 13:42:50,0
2026-03-04 13:43:00,2
2026-03-04 13:43:10,0
2026-03-04 13:43:20,0
2026-03-04 13:43:30,0
2026-03-04 13:43:40,1
2026-03-04 13:43:50,1
2026-03-04 13:44:00,0
2026-03-04 13:44:10,0
2026-03-04 13:44:20,0
2026-03-04 13:44:30,0
2026-03-04 13:44:40,0
2026-03-04 13:44:50,0
2026-03-04 13:45:00,0
2026-03-04 13:45:10,0
2026-03-04 13:45:20,0
2026-03-04 13:45:30,0
2026-03-04 13:45:40,0
2026-03-04 13:45:50,0
2026-03-04 13:46:00,0
2026-03-04 13:46:10,0
2026-03-04 13:46:20,0
2026-03-04 13:46:30,0
2026-03-04 13:46:40,0
2026-03-04 13:46:50,0
2026-03-04 13:47:00,0
2026-03-04 13:47:10,0
2026-03-04 13:47:20,0
2026-03-04 13:47:30,0
2026-03-04 13:47:40,0
2026-03-04 13:47:50,0
2026-03-04 13:48:00,0
2026-03-04 13:48:10,0
2026-03-04 13:48:20,0
2026-03-04 13:48:30,0
2026-03-04 13:48:40,0
2026-03-04 13:48:50,0
2026-03-04 13:49:00,0
2026-03-04 13:49:10,0
2026-03-04 13:49:20,0
2026-03-04 13:49:30,0
2026-03-04 13:49:40,0
2026-03-04 13:49:50,0
2026-03-04 13:50:00,0
2026-03-04 13:50:10,0
2026-03-04 13:50:20,0
2026-03-04 13:50:30,0
2026-03-04 13:50:40,1
2026-03-04 13:50:50,0
2026-03-04 13:51:00,0
2026-03-04 13:51:10,0
2026-03-04 13:51:20,0
2026-03-04 13:51:30,0
2026-03-04 13:51:40,0
2026-03-04 13:51:50,0
2026-03-04 13:52:00,0
2026-03-04 13:52:10,0
2026-03-04 13:52:20,0
2026-03-04 13:52:30,0
2026-03-04 13:52:40,0
2026-03-04 13:52:50,0
2026-03-04 13:53:00,0
2026-03-04 13:53:10,0
2026-03-04 13:53:20,0
2026-03-04 13:53:30,0
2026-03-04 13:53:40,0
2026-03-04 13:53:50,0
2026-03-04 13:54:00,0
2026-03-04 13:54:10,0
2026-03-04 13:54:20,0
2026-03-04 13:54:30,0
2026-03-04 13:54:40,0
2026-03-04 13:54:50,0
2026-03-04 13:55:00,0
2026-03-04 13:55:10,0
2026-03-04 13:55:20,0
2026-03-04 13:55:30,0
2026-03-04 13:55:40,0
2026-03-04 13:55:50,0
2026-03-04 13:56:00,0
2026-03-04 13:56:10,0
2026-03-04 13:56:20,0
2026-03-04 13:56:30,0
2026-03-04 13:56:40,0
2026-03-04 13:56:50,0
2026-03-04 13:57:00,0
2026-03-04 13:57:10,0
2026-03-04 13:57:20,0
2026-03-04 13:57:30,0
2026-03-04 13:57:40,0
2026-03-04 13:57:50,0
2026-03-04 13:58:00,0
2026-03-04 13:58:10,0
2026-03-04 13:58:20,0
2026-03-04 13:58:30,0
2026-03-04 13:58:40,0
2026-03-04 13:58:50,0
2026-03-04 13:59:00,0
2026-03-04 13:59:10,0
2026-03-04 13:59:20,0
2026-03-04 13:59:30,0
2026-03-04 13:59:40,0
2026-03-04 13:59:50,0
2026-03-04 14:00:00,0
2026-03-04 14:00:10,0
2026-03-04 14:00:20,0
2026-03-04 14:00:30,0
2026-03-04 14:00:40,0
2026-03-04 14:00:50,0
2026-03-04 14:01:00,0
2026-03-04 14:01:10,0
2026-03-04 14:01:20,0
2026-03-04 14:01:30,0
2026-03-04 14:01:40,0
2026-03-04 14:01:50,0
2026-03-04 14:02:00,0
2026-03-04 14:02:10,0
2026-03-04 14:02:20,0
2026-03-04 14:02:30,0
2026-03-04 14:02:40,0
2026-03-04 14:02:50,0
2026-03-04 14:03:00,0
2026-03-04 14:03:10,0
2026-03-04 14:03:20,0
2026-03-04 14:03:30,0
2026-03-04 14:03:40,0
2026-03-04 14:03:50,2
2026-03-04 14:04:00,0
2026-03-04 14:04:10,0
2026-03-04 14:04:20,0
2026-03-04 14:04:30,0
2026-03-04 14:04:40,0
2026-03-04 14:04:50,0
2026-03-04 14:05:00,0
2026-03-04 14:05:10,0
2026-03-04 14:05:20,0
2026-03-04 14:05:30,0
2026-03-04 14:05:40,0
2026-03-04 14:05:50,0
2026-03-04 14:06:00,0
2026-03-04 14:06:10,0
2026-03-04 14:06:20,0
2026-03-04 14:06:30,0
2026-03-04 14:06:40,0
2026-03-04 14:06:50,0
2026-03-04 14:07:00,0
2026-03-04 14:07:10,0
2026-03-04 14:07:20,0
2026-03-04 14:07:30,0
2026-03-04 14:07:40,0
2026-03-04 14:07:50,0
2026-03-04 14:08:00,2
2026-03-04 14:08:10,0
2026-03-04 14:08:20,0
2026-03-04 14:08:30,0
2026-03-04 14:08:40,0
2026-03-04 14:08:50,0
2026-03-04 14:09:00,0
2026-03-04 14:09:10,0
2026-03-04 14:09:20,0
2026-03-04 14:09:30,0
2026-03-04 14:09:40,0
2026-03-04 14:09:50,0
2026-03-04 14:10:00,0
2026-03-04 14:10:10,0
2026-03-04 14:10:20,0
2026-03-04 14:10:30,0
2026-03-04 14:10:40,0
2026-03-04 14:10:50,0
2026-03-04 14:11:00,0
2026-03-04 14:11:10,0
2026-03-04 14:11:20,0
2026-03-04 14:11:30,0
2026-03-04 14:11:40,0
2026-03-04 14:11:50,0
2026-03-04 14:12:00,0
2026-03-04 14:12:10,0
2026-03-04 14:12:20,0
2026-03-04 14:12:30,0
2026-03-04 14:12:40,0
2026-03-04 14:12:50,0
2026-03-04 14:13:00,0
2026-03-04 14:13:10,0
2026-03-04 14:13:20,0
2026-03-04 14:13:30,0
2026-03-04 14:13:40,0
2026-03-04 14:13:50,0
2026-03-04 14:14:00,0
2026-03-04 14:14:10,0
2026-03-04 14:14:20,0
2026-03-04 14:14:30,0
2026-03-04 14:14:40,1
2026-03-04 14:14:50,0
2026-03-04 14:15:00,0
2026-03-04 14:15:10,0
2026-03-04 14:15:20,0
2026-03-04 14:15:30,0
2026-03-04 14:15:40,0
2026-03-04 14:15:50,0
2026-03-04 14:16:00,0
2026-03-04 14:16:10,0
2026-03-04 14:16:20,0
2026-03-04 14:16:30,0
2026-03-04 14:16:40,0
2026-03-04 14:16:50,0
2026-03-04 14:17:00,0
2026-03-04 14:17:10,0
2026-03-04 14:17:20,0
2026-03-04 14:17:30,0
2026-03-04 14:17:40,0
2026-03-04 14:17:50,0
2026-03-04 14:18:00,0
2026-03-04 14:18:10,0
2026-03-04 14:18:20,0
2026-03-04 14:18:30,0
2026-03-04 14:18:40,0
2026-03-04 14:18:50,0
2026-03-04 14:19:00,0
2026-03-04 14:19:10,0
2026-03-04 14:19:20,0
2026-03-04 14:19:30,0
2026-03-04 14:19:40,0
2026-03-04 14:19:50,0
2026-03-04 14:20:00,0
2026-03-04 14:20:10,0
2026-03-04 14:20:20,0
2026-03-04 14:20:30,0
2026-03-04 14:20:40,0
2026-03-04 14:20:50,0
2026-03-04 14:21:00,0
2026-03-04 14:21:10,0
2026-03-04 14:21:20,1
2026-03-04 14:21:30,0
2026-03-04 14:21:40,0
2026-03-04 14:21:50,0
2026-03-04 14:22:00,0
2026-03-04 14:22:10,2
2026-03-04 14:22:20,0
2026-03-04 14:22:30,0
2026-03-04 14:22:40,0
2026-03-04 14:22:50,0
2026-03-04 14:23:00,2
2026-03-04 14:23:10,0
2026-03-04 14:23:20,0
2026-03-04 14:23:30,0
2026-03-04 14:23:40,0
2026-03-04 14:23:50,0
2026-03-04 14:24:00,0
2026-03-04 14:24:10,0
2026-03-04 14:24:20,0
2026-03-04 14:24:30,0
2026-03-04 14:24:40,0
2026-03-04 14:24:50,0
2026-03-04 14:25:00,0
2026-03-04 14:25:10,0
2026-03-04 14:25:20,0
2026-03-04 14:25:30,0
2026-03-04 14:25:40,0
2026-03-04 14:25:50,0
2026-03-04 14:26:00,0
2026-03-04 14:26:10,0
2026-03-04 14:26:20,0
2026-03-04 14:26:30,0
2026-03-04 14:26:40,0
2026-03-04 14:26:50,0
2026-03-04 14:27:00,0
2026-03-04 14:27:10,0
2026-03-04 14:27:20,0
2026-03-04 14:27:30,0
2026-03-04 14:27:40,0
2026-03-04 14:27:50,0
2026-03-04 14:28:00,0
2026-03-04 14:28:10,0
2026-03-04 14:28:20,0
2026-03-04 14:28:30,0
2026-03-04 14:28:40,0
2026-03-04 14:28:50,0
2026-03-04 14:29:00,0
2026-03-04 14:29:10,0
2026-03-04 14:29:20,0
2026-03-04 14:29:30,0
2026-03-04 14:29:40,0
2026-03-04 14:29:50,0
2026-03-04 14:30:00,0
2026-03-04 14:30:10,2
2026-03-04 14:30:20,0
2026-03-04 14:30:30,0
2026-03-04 14:30:40,0
2026-03-04 14:30:50,0
2026-03-04 14:31:00,0
2026-03-04 14:31:10,0
2026-03-04 14:31:20,0
2026-03-04 14:31:30,0
2026-03-04 14:31:40,0
2026-03-04 14:31:50,1
2026-03-04 14:32:00,0
2026-03-04 14:32:10,0
2026-03-04 14:32:20,0
2026-03-04 14:32:30,0
2026-03-04 14:32:40,0
2026-03-04 14:32:50,0
2026-03-04 14:33:00,0
2026-03-04 14:33:10,0
2026-03-04 14:33:20,0
2026-03-04 14:33:30,0
2026-03-04 14:33:40,0
2026-03-04 14:33:50,0
2026-03-04 14:34:00,0
2026-03-04 14:34:10,0
2026-03-04 14:34:20,0
2026-03-04 14:34:30,0
2026-03-04 14:34:40,0
2026-03-04 14:34:50,0
2026-03-04 14:35:00,0
2026-03-04 14:35:10,3
2026-03-04 14:35:20,2
2026-03-04 14:35:30,0
2026-03-04 14:35:40,0
2026-03-04 14:35:50,0
2026-03-04 14:36:00,0
2026-03-04 14:36:10,1
2026-03-04 14:36:20,0
2026-03-04 14:36:30,0
2026-03-04 14:36:40,0
2026-03-04 14:36:50,0
2026-03-04 14:37:00,0
2026-03-04 14:37:10,0
2026-03-04 14:37:20,0
2026-03-04 14:37:30,0
2026-03-04 14:37:40,0
2026-03-04 14:37:50,0
2026-03-04 14:38:00,0
2026-03-04 14:38:10,0
2026-03-04 14:38:20,0
2026-03-04 14:38:30,0
2026-03-04 14:38:40,0
2026-03-04 14:38:50,0
2026-03-04 14:39:00,0
2026-03-04 14:39:10,0
2026-03-04 14:39:20,0
2026-03-04 14:39:30,0
2026-03-04 14:39:40,0
2026-03-04 14:39:50,0
2026-03-04 14:40:00,0
2026-03-04 14:40:10,0
2026-03-04 14:40:20,0
2026-03-04 14:40:30,0
2026-03-04 14:40:40,0
2026-03-04 14:40:50,0
2026-03-04 14:41:00,1
2026-03-04 14:41:10,0
2026-03-04 14:41:20,0
2026-03-04 14:41:30,0
2026-03-04 14:41:40,0
2026-03-04 14:41:50,0
2026-03-04 14:42:00,0
2026-03-04 14:42:10,0
2026-03-04 14:42:20,0
2026-03-04 14:42:30,0
2026-03-04 14:42:40,0
2026-03-04 14:42:50,0
2026-03-04 14:43:00,0
2026-03-04 14:43:10,0
2026-03-04 14:43:20,0
2026-03-04 14:43:30,0
2026-03-04 14:43:40,0
2026-03-04 14:43:50,0
2026-03-04 14:44:00,0
2026-03-04 14:44:10,0
2026-03-04 14:44:20,0
2026-03-04 14:44:30,0
2026-03-04 14:44:40,0
2026-03-04 14:44:50,0
2026-03-04 14:45:00,0
2026-03-04 14:45:10,0
2026-03-04 14:45:20,0
2026-03-04 14:45:30,0
2026-03-04 14:45:40,0
2026-03-04 14:45:50,0
2026-03-04 14:46:00,0
2026-03-04 14:46:10,0
2026-03-04 14:46:20,0
2026-03-04 14:46:30,0
2026-03-04 14:46:40,0
2026-03-04 14:46:50,0
2026-03-04 14:47:00,0
2026-03-04 14:47:10,0
2026-03-04 14:47:20,0
2026-03-04 14:47:30,0
2026-03-04 14:47:40,0
2026-03-04 14:47:50,0
2026-03-04 14:48:00,17
2026-03-04 14:48:10,18
2026-03-04 14:48:20,18
2026-03-04 14:48:30,19
2026-03-04 14:48:40,18
2026-03-04 14:48:50,19
2026-03-04 14:49:00,18
2026-03-04 14:49:10,20
2026-03-04 14:49:20,18
2026-03-04 14:49:30,18
2026-03-04 14:49:40,18
2026-03-04 14:49:50,18
2026-03-04 14:50:00,19
2026-03-04 14:50:10,18
2026-03-04 14:50:20,18
2026-03-04 14:50:30,19
2026-03-04 14:50:40,17
2026-03-04 14:50:50,18
2026-03-04 14:51:00,18
2026-03-04 14:51:10,17
2026-03-04 14:51:20,18
2026-03-04 14:51:30,19
2026-03-04 14:51:40,18
2026-03-04 14:51:50,17
2026-03-04 14:52:00,0
2026-03-04 14:52:10,0
2026-03-04 14:52:20,0
2026-03-04 14:52:30,0
2026-03-04 14:52:40,0
2026-03-04 14:52:50,0
2026-03-04 14:53:00,0
2026-03-04 14:53:10,0
2026-03-04 14:53:20,0
2026-03-04 14:53:30,0
2026-03-04 14:53:40,0
2026-03-04 14:53:50,0
2026-03-04 14:54:00,0
2026-03-04 14:54:10,0
2026-03-04 14:54:20,0
2026-03-04 14:54:30,0
2026-03-04 14:54:40,0
2026-03-04 14:54:50,0
2026-03-04 14:55:00,0
2026-03-04 14:55:10,0
2026-03-04 14:55:20,0
2026-03-04 14:55:30,0
2026-03-04 14:55:40,0
2026-03-04 14:55:50,0
2026-03-04 14:56:00,0
2026-03-04 14:56:10,0
2026-03-04 14:56:20,0
2026-03-04 14:56:30,0
2026-03-04 14:56:40,0
2026-03-04 14:56:50,0
2026-03-04 14:57:00,0
2026-03-04 14:57:10,0
2026-03-04 14:57:20,0
2026-03-04 14:57:30,0
2026-03-04 14:57:40,0
2026-03-04 14:57:50,0
2026-03-04 14:58:00,0
2026-03-04 14:58:10,0
2026-03-04 14:58:20,0
2026-03-04 14:58:30,0
2026-03-04 14:58:40,0
2026-03-04 14:58:50,0
2026-03-04 14:59:00,0
2026-03-04 14:59:10,0
2026-03-04 14:59:20,0
2026-03-04 14:59:30,1
2026-03-04 14:59:40,0
2026-03-04 14:59:50,0
